text,neg,neu,pos,compund,score,golds,time
Morgan gets sued charging higher purchase fee currencies,0,1,0,0,1,0,4/12/2018 0:28
Max Keiser Price longterm target 100000,0,1,0,0,0,0,4/12/2018 0:09
Lambo Report News Aggregation Site Community,0,1,0,0,1,0,4/11/2018 23:59
Origin Protocol NuCypher bring Data Privacy Decentralized Sharing Applications,0,0.741,0.259,0.4215,2,0,4/11/2018 23:57
NAVCOIN BUY NEW CYCLE BEGIN,0,1,0,0,1,0,4/11/2018 22:58
Bounty0x Viewly Transparency Report,0,1,0,0,1,0,4/11/2018 22:36
glitters,0,1,0,0,1,0,4/11/2018 22:30
Genesis Vision launches alpha version platform,0,0.714,0.286,0.25,6,0,4/11/2018 22:27
SONM,0,1,0,0,1,0,4/11/2018 22:20
Plasma Sharding Raiden Network Ethereums Scalability Solution,0,0.723,0.277,0.3182,3,0,4/11/2018 21:56
European Partnership signed countries BlockSocial,0,1,0,0,1,0,4/11/2018 21:51
Token Marketing Twitter Ban,0.545,0.455,0,-0.5574,2,0,4/11/2018 21:06
Exchange Bittrex Taking New Customers,0,1,0,0,1,0,4/11/2018 20:53
Apr 2018 Important News,0,0.625,0.375,0.2023,0,0,4/11/2018 20:25
Automobile Brands Racing Toward Smart Vehicles Looking Based Vehicles,0,0.748,0.252,0.4019,1,0,4/11/2018 20:10
ProofOfWeakHands Code Audit,0,1,0,0,0,0,4/11/2018 19:44
Ripple Invests Million Capital 150 Million Venture Fund,0,1,0,0,0,0,4/11/2018 19:39
days ICO got real,0,1,0,0,0,0,4/11/2018 19:05
full launch etherbacked nomins eUSD live mainnet,0,1,0,0,13,0,4/11/2018 18:42
Price Moves Closer 7000 Market Posts Small Gain,0,0.673,0.327,0.5267,5,0,4/11/2018 18:39
List Today Tomorrow Upcoming Events,0,1,0,0,2,0,4/11/2018 18:03
Imagine going Gym able tokenize workout,0,1,0,0,0,0,4/11/2018 18:03
MoviToken Film production,0,1,0,0,1,0,4/11/2018 17:49
Join AMA Signals Network founders Live ,0,0.694,0.306,0.296,1,0,4/11/2018 17:34
Selfkey participate Expo London 18th April 2018,0,1,0,0,12,0,4/11/2018 17:04
Ambrosus AMB presenting Brussels April 24th Henna Virkkunen European Parliament Pteris Zilgalvis European Commission,0,1,0,0,37,0,4/11/2018 16:54
Golem Live,0,1,0,0,0,0,4/11/2018 16:53
TenX Unites Launch Debit Card,0,1,0,0,0,0,4/11/2018 16:39
COUNTRIES SIGN INTERNATIONAL PARTNERSHIP,0,1,0,0,44,0,4/11/2018 16:30
Daily Digest Biggest Bubble History Popping Like Flu earn 100k CryptoKitties,0.184,0.638,0.177,-0.0258,0,0,4/11/2018 16:30
Bittrex CryptoExchange Accepts New Users Redesigns Website,0,0.723,0.277,0.3182,12,0,4/11/2018 15:59
Trading Discount Russia Ruble Plummets,0,1,0,0,3,0,4/11/2018 15:58
Trading Overtakes Tether Daily Volumes,0,1,0,0,5,0,4/11/2018 15:57
April ShortTerm Technical Analysis,0,1,0,0,0,0,4/11/2018 15:52
Research top 100 Richest Adresses changed Balance lately,0,0.536,0.464,0.6369,5,0,4/11/2018 15:41
Sharpayio,0,1,0,0,2,0,4/11/2018 15:41
KICKICO Expands KickCoin Adopting Bancor Protocol,0,0.781,0.219,0.1027,1,0,4/11/2018 15:24
based Augmented intelligence Platform,0,0.492,0.508,0.4767,8,0,4/11/2018 15:19
European Summit 2018 live stream,0,1,0,0,1,0,4/11/2018 14:34
199 Router mine Buy ,0,1,0,0,1,0,4/11/2018 13:50
Telegram ICO Raises Billion USD Ushering Corporate ICO Era Urban,0,1,0,0,0,0,4/11/2018 13:32
Many Ukrainian Politicians,0,1,0,0,0,0,4/11/2018 13:22
trade using RSI Indicator,0,1,0,0,1,0,4/11/2018 12:47
Countries Bullish Partnership Create Digital Single Market,0,0.741,0.259,0.2732,34,0,4/11/2018 12:33
Ontology ONT Far Rally ,0,1,0,0,10,0,4/11/2018 12:07
DAI already,0,1,0,0,1,0,4/10/2018 22:03
EOS Competitor responds Vitalik,0,1,0,0,1,0,4/11/2018 0:13
Nexus AmA lead developer 11th April,0,1,0,0,1,0,4/11/2018 11:00
CoinGecko 2018 report,0,1,0,0,2,0,4/11/2018 10:49
Looking enthusiast opinions help guide upcoming cryptocurrencybased mobile platform Please help,0,0.407,0.593,0.8481,2,0,4/11/2018 10:10
exchange listings affect prices,0,1,0,0,6,0,4/11/2018 10:06
City University New York Supports,0,0.615,0.385,0.3612,1,0,4/11/2018 9:09
Takeaways researched 600 tokens,0,1,0,0,41,0,4/11/2018 8:02
Bank America Bubble Popping,0,1,0,0,0,0,4/11/2018 6:27
Worry Future Dave Chapman Insights key time buy based Fundstrat research,0.225,0.775,0,-0.4404,0,0,4/11/2018 5:25
Factors Contributing Current Bear Market,0,1,0,0,0,0,4/11/2018 4:28
indepth breakdown Hedera Hashgraph Platform Potentially replacing world DLTs,0,1,0,0,1,0,4/11/2018 4:22
new paradigm analyze convergence money,0,1,0,0,3,0,4/11/2018 4:16
Become part ChronoBank Community Follow get involved poll Twitter,0,1,0,0,1,0,4/11/2018 3:45
Love Looking Trading Charts Monetize Trading Skills,0,0.588,0.412,0.6369,1,0,4/11/2018 3:31
Apr 2018 Important News,0,0.625,0.375,0.2023,1,0,4/11/2018 3:00
Help narrowing search Need coin suggestions platformutility,0,0.69,0.31,0.4019,1,0,4/11/2018 2:35
Etherparty Enhances Security Ahead Rocket Launch,0,0.676,0.324,0.34,9,0,4/11/2018 2:16
aXpire Biggest Steal,0.615,0.385,0,-0.4939,0,0,4/11/2018 2:12
TOP ICOs April Update 100K ICO Challenge,0,0.566,0.434,0.4278,0,0,4/11/2018 1:45
List Today Tomorrow Upcoming Events,0,1,0,0,5,0,4/11/2018 1:09
simple backtest rebalancing portfolio,0,1,0,0,7,0,4/11/2018 0:58
greenish day universe Price map last hours Price outliers ELF GNT ONT XVG altocins,0,1,0,0,4,0,4/11/2018 0:14
Canadian banks fail miserably slowing purchases,0.623,0.377,0,-0.765,8,0,4/10/2018 23:55
WorldWide Web Finds Free Model Thanks,0,0.392,0.608,0.7351,2,0,4/10/2018 23:06
ARDOR Scalable Service,0,1,0,0,1,0,4/10/2018 22:47
Could 1000 hating please listen Abra adoption bull run predicted 2018 happens could possible especially Whales George Soros Wall Street Money long bear market 2018 maybe around 100200,0.104,0.823,0.073,-0.25,0,0,4/10/2018 22:03
India Supreme Court Urged Rule,0,0.526,0.474,0.5574,1,0,4/10/2018 22:00
Tool Open source Chrome extension sorts Binance funds satoshi value,0,0.789,0.211,0.34,1,0,4/10/2018 21:28
Technology Media Samit Singh,0,1,0,0,17,0,4/10/2018 21:27
Algebraix Full Review end data exploitation,0,1,0,0,1,0,4/10/2018 20:48
MakerDAO OmiseGO Announcing Dai OMG Collaborations,0,1,0,0,4,0,4/10/2018 20:41
300 Cubits TEU ICO Review Token Analysis,0,1,0,0,1,0,4/10/2018 20:40
UnikoinGold UKG Unikrn Playwire Sign Exclusive Brand Deal Sacramento Kings NBA2k Esports Team,0,0.889,0.111,0.128,1,0,4/10/2018 20:35
New indicators Bitgur Customizable Watchlist add ATH moving averages,0,1,0,0,9,0,4/10/2018 20:12
Medichain Technology Big Medical Data Handling People Health,0,1,0,0,3,0,4/10/2018 20:05
Dashboard showing individual sentiment top 100,0,0.735,0.265,0.2023,34,0,4/10/2018 20:04
Interview Chris Dunn,0,1,0,0,1,0,4/10/2018 20:02
Despite Negative Press Platforms Banning Digital Currency Ads Hurt Industry,0.47,0.53,0,-0.7964,2,0,4/10/2018 19:21
Private Peer Peer Digital Money,0,1,0,0,0,0,4/10/2018 19:20
Brass Beta mainnet look forward keep building Golem,0,1,0,0,10,0,4/10/2018 19:19
Institutional Investors Know Think,0,1,0,0,1,0,4/10/2018 18:58
Bear Market Setting Stage,0,1,0,0,36,0,4/10/2018 18:52
Three Countries Join Planned Lawsuit Internet Giants Banning Ads,0.171,0.631,0.198,0.0772,7,0,4/10/2018 11:32
Indian Police Officers Extort 200 Local Realtor,0,1,0,0,148,0,4/10/2018 17:30
Ripple Santander Partnership Santanders OnePay App Live,0,1,0,0,14,0,4/10/2018 17:12
Going ELF List Recent Developments,0,1,0,0,4,0,4/10/2018 16:40
Top buy April ItsBlockchain,0,0.625,0.375,0.2023,1,0,4/10/2018 16:06
payments future,0,1,0,0,2,0,4/10/2018 15:51
Win Amazon PayPal Visa amp MasterCard BlockSocial,0,0.476,0.524,0.6705,2,0,4/10/2018 15:32
Ontology ONT Gained 24h,0,0.536,0.464,0.3818,24,0,4/10/2018 13:32
Needs Win PayPal Amazon Visa,0,0.353,0.647,0.6705,15,0,4/10/2018 13:03
Stop Loss Hunting Technical Analysis Series Ep3,0.474,0.526,0,-0.5423,2,0,4/10/2018 12:07
Korea ban ICOs needs eased reversed coming months,0.305,0.508,0.186,-0.34,2,0,4/10/2018 10:46
like ask question verge get something ,0,0.667,0.333,0.3612,1,0,4/10/2018 8:45
Looking Leadership,0,1,0,0,2,0,4/10/2018 6:55
Previously hacked Japanese exchange Coincheck may soon bought Monex Group,0.231,0.769,0,-0.4019,3,0,4/10/2018 5:34
Love Looking Trading Charts Monetize Trading Skills,0,0.588,0.412,0.6369,1,0,4/10/2018 5:00
1683 Gain week Strategy used Trading Market,0,0.638,0.362,0.5267,2,0,4/10/2018 4:16
made unbiased review ICON ICX interoperability project coming Korea,0.121,0.879,0,-0.0258,2,0,4/10/2018 4:15
11bn New Coins Added Bitfinex,0,1,0,0,2,0,4/10/2018 1:51
Price Leads Comeback Market Briefly Dips 250 Billion,0,1,0,0,3,0,4/10/2018 1:48
Convergence sentiment level Although positive NEM Stellarlumens qtum Vertcoin among,0,0.714,0.286,0.5574,1,0,4/9/2018 23:53
Tom Lee Fundstrat Global Advisors BULLISH Predicts 20000 2018,0,1,0,0,8,0,4/9/2018 23:34
XYO Network Takes Offline Decentralized LocationVerification System,0.2,0.8,0,-0.128,8,0,4/9/2018 23:02
Ontario Regulator Gathering Information Trading Platforms,0,1,0,0,1,0,4/9/2018 22:39
Daily Briefing,0,1,0,0,1,0,4/9/2018 22:36
Designing Tokenized Securities Implications SEC Governance,0,0.694,0.306,0.296,1,0,4/9/2018 22:29
Antigua Barbuda Determined Launch Exchange,0,0.625,0.375,0.34,4,0,4/9/2018 21:39
Ongoing Petition Save Future India,0,0.556,0.444,0.4939,1,0,4/9/2018 22:19
Nano Foundation Announces Legal Fund BitGrail Victims,0.261,0.568,0.17,-0.2023,123,0,4/9/2018 22:17
Bounty0x Trendit Studios Transparency Report,0,1,0,0,1,0,4/9/2018 21:18
Weekly Discussion Megathread 09Apr2018,0,1,0,0,9,0,4/9/2018 21:11
SEC Chief ICOs Absolutely Fraudulent,0.466,0.534,0,-0.5413,0,0,4/9/2018 20:41
Bifinex Expands Adds New Exchange Platform,0,0.781,0.219,0.1027,12,0,4/9/2018 20:39
History repeats trading,0,1,0,0,22,0,4/9/2018 20:34
Technical Anaylsis April 9th ,0,1,0,0,2,0,4/9/2018 20:28
stay date token news,0,1,0,0,1,0,4/9/2018 20:22
Predicting Future Decentralized Prediction Markets Hacker Noon,0,1,0,0,1,0,4/9/2018 20:11
traders use old gold drive draw Islamic investors,0,1,0,0,0,0,4/9/2018 20:10
Interview Havven Altcoin Investing News,0,1,0,0,43,0,4/9/2018 19:24
Daily Digest ASICs Wars Rise Stablecoins Rockfeller Invest,0.34,0.66,0,-0.5574,2,0,4/9/2018 19:19
Pecunio launches worlds first gold backed sells minutes,0,0.864,0.136,0.0258,27,0,4/9/2018 19:09
4918 Chart Analysis BotMentality,0,1,0,0,4,0,4/9/2018 18:23
List Today Tomorrow Upcoming Events,0,1,0,0,1,0,4/9/2018 18:16
April Markets Sell Mainly Western Exchanges,0,1,0,0,22,0,4/9/2018 18:08
Summary recent news may move markets,0,1,0,0,12,0,4/9/2018 17:57
Kenya Telcom giant innovating way around payments adoption Mobile money platform partners paypal,0,1,0,0,9,0,4/9/2018 17:54
George Soros Short,0,1,0,0,17,0,4/9/2018 17:50
Binance Hacker Bounty Secure Binance Account,0,0.676,0.324,0.34,1,0,4/9/2018 17:46
History XRP Ripple Part 20112013,0,1,0,0,0,0,4/9/2018 17:14
price weekly analysis breaking fixed range,0,1,0,0,1,0,4/9/2018 17:13
NEW exchange GRS First Turkish exchange GRS USDT TRY pairs,0,1,0,0,4,0,4/9/2018 16:38
Introducing Destination Moon automated trading robots,0,1,0,0,3,0,4/9/2018 15:58
AirPod Sleeping Pod Waiting airport without feeling tired Today,0.127,0.65,0.223,0.2584,0,0,4/9/2018 15:53
Monday bear awake,0,1,0,0,206,0,4/9/2018 15:36
4818 Chart Analysis BotMentality,0,1,0,0,2,0,4/9/2018 15:10
blockchains removed pay trade barrier,0.492,0.508,0,-0.2263,2,0,4/9/2018 14:45
Ultimate Beginner Guide Trading,0,1,0,0,2,0,4/9/2018 14:40
Really Soros Rockefeller investing,0,1,0,0,10,0,4/9/2018 14:34
EOS Growing slow steady,0,0.638,0.362,0.1779,0,0,4/9/2018 13:26
Nexus AmA Wednesday 11th April lead developer,0,1,0,0,3,0,4/9/2018 13:09
ways news affect price markets,0,1,0,0,5,0,4/9/2018 12:38
Dodgers Minor Leaguer Retires Launch Hedge Fund Athletes,0,1,0,0,21,0,4/9/2018 11:30
FarmaTrust releases MVP frontend presentation,0,1,0,0,2,0,4/9/2018 10:46
Rockefeller Venrock Firm Shows Interest Teams CoinFund,0,0.667,0.333,0.4588,47,0,4/9/2018 9:58
Gov tIssued Digital Currencies Threaten Financial Stability Says Swiss Central Banker,0.206,0.794,0,-0.3818,9,0,4/9/2018 9:43
Banks Made Bankers Powerful People Developers,0,0.641,0.359,0.4215,1,0,4/9/2018 9:11
Need help adding WORKING PRODUCT,0,0.597,0.403,0.4019,12,0,4/9/2018 8:44
Reports Poland Indicate BitFinex May Alleged Connections Colombian Drug Operations,0,1,0,0,6,0,4/9/2018 8:38
DocTailor ICO Token Sale Review Overview Details Rating,0,1,0,0,19,0,4/9/2018 8:32
Black Block Research Interviews Nano Team Share questions,0.261,0.541,0.198,-0.1779,4,0,4/9/2018 6:46
Time Buy MISERY Index,0.596,0.404,0,-0.6633,5,0,4/9/2018 5:15
New White Paper One World token detailing Fixed Income ETF,0,1,0,0,0,0,4/9/2018 5:15
Stay date Vechaininsidercom,0,1,0,0,0,0,4/9/2018 4:30
ChronoBank Sunday TIMEs Issue April April 2018,0,1,0,0,0,0,4/9/2018 3:43
Traders use means trading liquidity Money enters space reputation immutability security whole needs die sorta attitude counterproductive trading,0.175,0.717,0.108,-0.3612,75,0,4/9/2018 3:31
Adoption Delivering Value Use Cases Features Promises,0,0.5,0.5,0.6124,0,0,4/9/2018 2:28
Havven Interview CEO Kain Warwick Stablecoins Work,0,1,0,0,0,0,4/9/2018 2:09
PChain Constellation Labs,0,1,0,0,0,0,4/9/2018 1:41
Stragetic Partnering,0,1,0,0,0,0,4/9/2018 1:41
many forks happen long term Opinions,0,1,0,0,0,0,4/9/2018 1:41
Launches Venture Fund Support Startups,0,0.597,0.403,0.4019,80,0,4/9/2018 1:19
give GVT moment time,0,1,0,0,7,0,4/9/2018 1:06
IOVO goal democratise decentralise assets management monetisation related personal data nonmonetary exchangeable currency,0,0.876,0.124,0.1779,1,0,4/9/2018 0:30
Avoid Scams Red Flags,0.75,0.25,0,-0.7184,2,0,4/9/2018 0:25
Daily Digest Taxes Hard Spoon Buy Dip Film,0.167,0.833,0,-0.1027,3,0,4/8/2018 23:56
Relatively muted day big universe opened floor smaller names Price map last hours Price outliers PART POWR REQ altocins,0,1,0,0,2,0,4/8/2018 23:20
Class Action Lawsuit Filed Nano Core Team Members,0.213,0.787,0,-0.2263,39,0,4/8/2018 22:41
Dip Predictions vote strawpoll,0,1,0,0,10,0,4/8/2018 22:17
Tron TRX Take look Internet Launched TRX Rebounds Market,0,0.842,0.158,0.128,0,0,4/8/2018 22:10
Stop Exploiting Data Algebraix Medium,0.63,0.37,0,-0.6249,11,0,4/8/2018 22:06
Regulate,0,1,0,0,2,0,4/8/2018 21:28
Voting Rights Community Governance,0,1,0,0,24,0,4/8/2018 21:25
Answers EOS questions concerns,0,1,0,0,0,0,4/8/2018 21:24
ICOs financial instrument,0,1,0,0,3,0,4/8/2018 21:23
ExpertOption Release One Coin Three Investment Platforms Change Cryptomarket Know,0,1,0,0,2,0,4/7/2018 22:39
rCryptoMarkets Daily Discussion 08Apr2018,0,1,0,0,5,0,4/8/2018 10:05
similarities Traditional Trading Trading,0,1,0,0,6,0,4/8/2018 19:12
List Today Tomorrow Upcoming Events,0,1,0,0,3,0,4/8/2018 18:11
price weekly analysis 7500 crosshaired,0,1,0,0,6,0,4/8/2018 14:09
Japan Verge Legalizing Initial Coin Offerings ICOs,0,1,0,0,140,0,4/8/2018 13:50
Essentia April Monthly Update Essentia One Medium,0,1,0,0,16,0,4/8/2018 13:13
final 2017 last minute tax tips trades,0,1,0,0,12,0,4/8/2018 12:36
Measured drop 2013 parabolic movement mapped possible next movements,0.208,0.792,0,-0.2732,2,0,4/8/2018 10:45
Relevant cryptomarkets new DEX town come buzz NEO first DEX arising seems community adoption NEP5 native project currency slowlow,0,1,0,0,6,0,4/8/2018 9:38
List markets volatility recenthistory,0,1,0,0,5,0,4/8/2018 8:55
N3WS Last Vitalik Bickerin Centra CRASH Cell Phone,0.329,0.671,0,-0.5319,3,0,4/8/2018 4:12
Retailer Adoption Growing Canada,0,0.638,0.362,0.1779,15,0,4/8/2018 3:48
Ontology hardly discussed,0,1,0,0,2,0,4/8/2018 3:39
Tips Creating Killer Portfolio,0.506,0.235,0.259,-0.4767,13,0,4/8/2018 3:13
South Africa Might SelfRegulate Industry,0,1,0,0,5,0,4/8/2018 2:23
Stragetic Partnership,0,1,0,0,3,0,4/8/2018 0:51
pChain Constellation Labs,0,1,0,0,3,0,4/8/2018 0:42
Wall going SHORT new CBOE Futures CoT report Bearish alts Details inside,0,1,0,0,51,0,4/8/2018 0:18
Rockefeller Venture Capital Firm Starts Investing,0,1,0,0,8,0,4/8/2018 0:16
Wyoming Promotes CryptoPleasant Legal guidelines Rules,0,0.506,0.494,0.4404,7,0,4/8/2018 0:10
Polymath scam,0.787,0.213,0,-0.5719,5,0,4/7/2018 22:53
short LTC April 2018 1345 CST,0,1,0,0,3,0,4/7/2018 22:52
Listen understand trying expose scams careful,0.54,0.3,0.16,-0.5859,4,0,4/7/2018 22:01
End Wild West market occurred January tale correlations,0,1,0,0,5,0,4/7/2018 22:01
like opinions market update Found worth watch,0,0.532,0.468,0.5267,3,0,4/7/2018 21:47
sneak peek events 814 April 2018,0,1,0,0,3,0,4/7/2018 21:01
Phone Reality Soon,0,1,0,0,4,0,4/7/2018 20:57
Decentraland Virtual NFT LAND Sale Stats Data March MANA,0,1,0,0,4,0,4/7/2018 20:53
Rockefeller Billion Dollar Firm Begins Invest,0,1,0,0,194,0,4/7/2018 19:42
4718 Chart Analysis BotMentality,0,1,0,0,3,0,4/7/2018 19:26
Daily Digest Discovered Owe IRS 50000 Traded Cryptos Tax Troubles Traders Soros HODL,0.2,0.8,0,-0.4588,5,0,4/7/2018 19:12
Fidelium HIGHLY critical look Korean financial upstart,0.357,0.643,0,-0.5149,3,0,4/7/2018 18:42
KOMODO Decentralized ICO Platform,0,1,0,0,3,0,4/7/2018 18:40
List Today Tomorrow Upcoming Events,0,1,0,0,5,0,4/7/2018 18:00
revolution inside agent centric computing,0,1,0,0,1,0,4/7/2018 17:57
Apr 2018 Important News,0,0.625,0.375,0.2023,3,0,4/7/2018 17:14
ignal Ontology Ont Next Stop ,0.355,0.645,0,-0.296,0,0,4/7/2018 16:25
Apr 2018 Upcoming Events,0,1,0,0,2,0,4/7/2018 15:46
Stellar XLM Success Consecutive Success Could Dethrone Leading,0,0.448,0.552,0.8126,4,0,4/7/2018 14:55
Comparing ,0,1,0,0,0,0,4/7/2018 14:28
Everyone using investing checklist Yet,0,1,0,0,0,0,4/7/2018 13:19
reasons India still behind sector,0,1,0,0,3,0,4/7/2018 12:37
ICOs Absolutely Fraudulent Says Chairman SEC,0.411,0.589,0,-0.5413,249,0,4/7/2018 12:25
shortsell noob question,0.375,0.625,0,-0.0516,10,0,4/7/2018 11:31
Optimism Ringnald Mastery Podcast Ep4,0,0.533,0.467,0.5423,1,0,4/7/2018 5:27
Ripple Stellar Side Side Comparison,0,1,0,0,0,0,4/7/2018 4:15
SEC Chairman John Clayton Gives Hope ICOs News Network,0,0.734,0.266,0.4404,4,0,4/7/2018 3:49
Charts Worst Performing Coins 2018,0.506,0.494,0,-0.6249,1,0,4/7/2018 3:40
Scamsters Bhardwaj Brothers Arrested Duping Investors 300 Mln,0.307,0.693,0,-0.4767,38,0,4/7/2018 1:24
George Soros Makes Spectacular UTurn Investing,0,1,0,0,146,0,4/7/2018 0:16
Quite colorful sentiment level positive Lisk vechain aelf nem stands among big 100,0,0.769,0.231,0.5574,4,0,4/6/2018 23:34
Could Define Generation,0,1,0,0,13,0,4/6/2018 23:21
bubble burst could good thing,0,0.58,0.42,0.4404,3,0,4/6/2018 23:12
Learned Technical Analysis Complete ,0,1,0,0,3,0,4/6/2018 23:11
Interview Pallium team Pallium future startup artificial intelligence,0,0.693,0.307,0.4767,2,0,4/6/2018 23:09
far perfection,0,0.213,0.787,0.5719,1,0,4/6/2018 22:33
Onecoin Review Future,0,1,0,0,1,0,4/6/2018 22:13
EOS LTC Monero XMR,0,1,0,0,1,0,4/6/2018 22:10
Monex Group Acquires Coincheck,0,1,0,0,2,0,4/6/2018 22:02
Three Amazing Airdrops might missed,0.244,0.333,0.422,0.3818,2,0,4/6/2018 21:56
Last minute tax series Schedule latest post,0,1,0,0,2,0,4/6/2018 21:52
Sunny Vechain featured APAC CIO Outlook Magazine,0,0.682,0.318,0.4215,14,0,4/6/2018 21:42
Anything done delisted coins bittrex,0,1,0,0,1,0,4/6/2018 21:25
George Soros Prepares Trade,0,1,0,0,33,0,4/6/2018 21:11
TOP UNDERVALUED APRIL 2018 IoT Chain Chinese IOTA,0,0.734,0.266,0.368,46,0,4/6/2018 21:05
Cash Hard Fork May 2018,0.259,0.741,0,-0.1027,2,0,4/6/2018 21:04
Jihan ASICs destroy Understanding Consensus,0.467,0.533,0,-0.5423,1,0,4/6/2018 20:33
Worth Silent World Leaders Expressing Issues Davos,0,0.759,0.241,0.2263,1,0,4/6/2018 20:25
Selfkey March Progress Report,0,0.517,0.483,0.4215,12,0,4/6/2018 20:16
Monetizr Named Innovative Company Georgia,0,0.58,0.42,0.4404,4,0,4/6/2018 20:14
bear market song,0,1,0,0,8,0,4/6/2018 20:01
Coincheck Acquired Monex Following MultiMillionDollar Hack,0,1,0,0,1,0,4/6/2018 20:00
Daily Digest Improve Internet Bulls Bears Hot Start ICO,0,0.734,0.266,0.4404,2,0,4/6/2018 19:54
George Soros Diving,0,0.606,0.394,0.0772,3,0,4/6/2018 18:40
Daily Briefing important points last hours,0,0.735,0.265,0.2023,2,0,4/6/2018 18:31
prices keep bearish trend,0,1,0,0,13,0,4/6/2018 18:06
List Today Tomorrow Upcoming Events,0,1,0,0,2,0,4/6/2018 18:03
OmiseGo OMG Partners Korean Shinhan Card,0,1,0,0,20,0,4/6/2018 17:46
Byzantine Generals Problem Proof Work Noobs,0.351,0.649,0,-0.4019,2,0,4/6/2018 16:50
Cash Prepares Hard Fork,0.318,0.682,0,-0.1027,7,0,4/6/2018 15:59
hanging 6600 Global Market Slips 250 Billion,0,1,0,0,180,0,4/6/2018 14:56
Social Experiment People Reacts Getting Salary Video,0,1,0,0,8,0,4/6/2018 14:34
History superfast crashes recovery,0,1,0,0,10,0,4/6/2018 14:27
Support Resistance Technical Analysis Series Ep2,0,0.649,0.351,0.4019,2,0,4/6/2018 12:08
Liechtenstein Going Incorporate New Friendly Regulations,0,0.61,0.39,0.4939,2,0,4/5/2018 21:37
rCryptoMarkets Daily Discussion 06Apr2018,0,1,0,0,8,0,4/6/2018 10:05
Challengers,0,0,1,0.1027,3,0,4/6/2018 11:17
Reasons Price Rebound 2018,0,1,0,0,18,0,4/6/2018 11:15
Reserve Bank India Prohibits Banking Services Firms,0,1,0,0,0,0,4/6/2018 9:17
Nucleus Vision NCASH DOMINATE retail industry,0.271,0.486,0.243,-0.0601,1,0,4/6/2018 8:43
Researching million addresses,0,1,0,0,2,0,4/6/2018 6:33
4518 Chart Analysis BotMentality,0,1,0,0,0,0,4/6/2018 6:01
spent past months building tool help traders calculate gains prepare taxes Please let know think,0,0.619,0.381,0.7506,3,0,4/6/2018 3:56
OmiseGo Cosmos amp Hard Spoon amp Plasma released 2018,0.149,0.851,0,-0.1027,32,0,4/6/2018 3:02
Apr 2018 Important News,0,0.625,0.375,0.2023,1,0,4/6/2018 2:44
IBM Touts Trillion Future,0.268,0.732,0,-0.0258,1,0,4/6/2018 0:27
IBM building bridge mainstream adoption,0,1,0,0,2,0,4/6/2018 0:25
Become Mainstream Investment Algebraix,0,1,0,0,74,0,4/5/2018 23:29
Indian central banks indirectly bans currency trading,0,1,0,0,1,0,4/5/2018 22:54
really banned India,0.622,0.378,0,-0.5095,1,0,4/5/2018 22:44
April 5th Happy Birthday Satoshi Nakamoto Government Confiscate Digital Gold,0,0.709,0.291,0.5719,4,0,4/5/2018 21:58
Daily Digest Japan Unveils Guidelines ICO wise XRP HODLers panicking,0.207,0.571,0.221,0.0516,1,0,4/5/2018 21:53
IBM Joins Sovrin Foundation Founding Steward,0,1,0,0,1,0,4/5/2018 21:32
RBI Banning Stop FUD,0.716,0.284,0,-0.6166,4,0,4/5/2018 21:27
Anatomy Coinscam,0,1,0,0,9,0,4/5/2018 20:36
able buy via banks India,0,1,0,0,1,0,4/5/2018 20:34
Check part fireside chat Ethan Wilding founding team member Miro Ethan chat basics episodes follow,0,1,0,0,0,0,4/5/2018 19:56
Russian Security Service Head favorite tool terrorists,0.304,0.296,0.4,0.0772,7,0,4/5/2018 19:26
India BANS Wallets Bank Funding Services,0,1,0,0,0,0,4/5/2018 18:57
Bloom Lending Spotlight BlockFi,0,1,0,0,36,0,4/5/2018 18:46
Ripple Failed Get Spot Major Exchanges world thirdlargest XRP close deal obtain listing two top exchanges,0.173,0.733,0.094,-0.3612,2,0,4/5/2018 18:39
Concerned Private Sales,0,1,0,0,1,0,4/5/2018 18:28
Verge Vergecurrency,0,1,0,0,4,0,4/5/2018 18:22
List Today Tomorrow Upcoming Events,0,1,0,0,1,0,4/5/2018 18:03
RBI cracks digital currencies plans,0,1,0,0,0,0,4/5/2018 17:52
Mobile Revolution Impact Fintech XRP,0,1,0,0,0,0,4/5/2018 17:48
Tech Etherparty Launches Three Free Contest Rocket Crowdfunding Platform,0,0.708,0.292,0.5106,8,0,4/5/2018 17:39
ICO Investors Light Increasing Government Regulation,0,1,0,0,0,0,4/5/2018 17:28
Mining Exploit Attack VERGE XVG Suprnova mining operator notifies hacker mined block every second past hours Dev attempted fix accidentally hard forks chain without fixing issue,0.348,0.652,0,-0.8481,1,0,4/5/2018 17:13
Binance finally iOS,0,1,0,0,1,0,4/5/2018 15:56
Currently Podcast Trading humorless society,0.365,0.635,0,-0.3182,1,0,4/5/2018 15:35
idk odds Shinhan Card Mou expanding Shinhan Bank little something came across,0.113,0.887,0,-0.1027,4,0,4/5/2018 15:33
Helping Million People Fight Hunger EthereumBased Transactions,0.426,0.37,0.204,-0.34,2,0,4/5/2018 15:21
South Korea demands exchanges modify consumer contracts,0,1,0,0,1,0,4/5/2018 14:25
Indian FUD time real notification sent RBI Centra Bank India,0.239,0.761,0,-0.4278,0,0,4/5/2018 14:17
drawing think,0,1,0,0,0,0,4/5/2018 14:16
New York State Rules Ultimate Cryptocon,0,1,0,0,15,0,4/5/2018 13:35
Etherparty Announces Global Crowdfunding Contest Valued 300000,0,0.674,0.326,0.4404,6,0,4/5/2018 13:22
One Largest Russian Banks May Soon Carry First Transactions,0,1,0,0,0,0,4/4/2018 1:51
Let dream bit Hodlers future x100 x30 x10 coins portfolio,0,0.818,0.182,0.25,37,0,4/5/2018 13:16
rCryptoMarkets Daily Discussion 05Apr2018,0,1,0,0,13,0,4/5/2018 10:05
TRON TRX Decentralized Entertainment Protocol,0,0.588,0.412,0.4215,1,0,4/5/2018 11:53
Coin Nest CEO arrested,0.508,0.492,0,-0.4767,7,0,4/5/2018 10:29
Omise OmiseGO sign MoU ShinhanCard South Korea explore opportunities fintech initiatives,0,0.794,0.206,0.3818,34,0,4/5/2018 9:23
Anyone else make comprehensive spreadsheet cryptos Anyone got good place get inforeviews fill blanks,0,0.71,0.29,0.5994,1,0,4/5/2018 8:22
Indicators Fibonacci Retracement,0,1,0,0,3,0,4/5/2018 7:53
Free interactive lessons building trading bots Binance exchange Beginners welcome,0,0.559,0.441,0.743,3,0,4/5/2018 7:53
Reactive Market Binance Login Issues Perfect Case Study,0,0.654,0.346,0.5719,1,0,4/5/2018 5:19
Vericoin years Strong,0,0.377,0.623,0.5106,0,0,4/5/2018 5:14
Ripple Would Pay Play Major Exchanges Report,0.159,0.568,0.273,0.25,2,0,4/5/2018 4:50
may extend logical deepthroated hard swallow pill opinion,0.154,0.659,0.187,0.0772,0,0,4/5/2018 3:49
Sharpays roadshow,0,1,0,0,3,0,4/5/2018 3:13
EXPERIMENT Top Index Fund 2018 Month ThreeQ1 Recap ,0,0.795,0.205,0.2023,8,0,4/5/2018 2:22
Metal Pay Alpha Test Drive Onboarding KYC Process Done minutes,0.135,0.865,0,-0.1027,2,0,4/5/2018 2:07
Audio Whitepaper NANO,0,1,0,0,2,0,4/5/2018 1:57
Apr 2018 Important News,0,0.625,0.375,0.2023,1,0,4/4/2018 23:47
John McAfee reveals charges 105000 per promotional tweet,0.231,0.769,0,-0.2732,1,0,4/4/2018 22:28
Sentiment level overall move yesterday blip rebound first days April,0,1,0,0,1,0,4/4/2018 22:10
Sell DNA Get Tokens Changing Genetic Research,0,1,0,0,1,0,4/4/2018 21:59
Primer GrinMimblewimble,0,1,0,0,2,0,4/4/2018 21:04
ponzi scammer cheated investors 300 million caught Bangkok,0.32,0.68,0,-0.5106,8,0,4/4/2018 21:02
reliable nonfishy low volume exchanges moment,0.296,0.704,0,-0.2732,3,0,4/4/2018 20:47
2018 year CryptoPuppies,0,1,0,0,0,0,4/4/2018 19:54
World Markets Summary last hours,0,1,0,0,1,0,4/4/2018 19:20
Daily News Digest Holy Grail Technology Five Keys Evoliution Venezuela Petro Scam,0.252,0.748,0,-0.5719,1,0,4/4/2018 18:55
SEC Charges MayweatherEndorsed ICO Fraud Binance May Delist Token,0.457,0.543,0,-0.7096,12,0,4/4/2018 18:54
Joint Ventures Integrates Bancor Protocol,0,1,0,0,25,0,4/4/2018 18:13
List Today Tomorrow Upcoming Events,0,1,0,0,3,0,4/4/2018 18:04
Mark Karpels exCEO bankrupt MtGox AMA rbtc,0.375,0.625,0,-0.5574,15,0,4/4/2018 18:02
Kucoin introduces security updates identity verification need DEX,0,0.745,0.255,0.34,13,0,4/4/2018 18:01
slightly forgotten project lot activity LISK,0.243,0.757,0,-0.1548,13,0,4/4/2018 17:39
Future Solve RealWorld Problems,0.415,0.308,0.277,-0.2263,0,0,4/4/2018 17:28
disappoints lot community one wants hear anything else apart believe able look side stories research make decisions avoid future scams like bitconnect,0.296,0.619,0.086,-0.7269,1,0,4/4/2018 17:16
reviewed requested coins last week Wabi Xtrabytes even recorded due diligence,0,1,0,0,1,0,4/4/2018 17:01
price weekly analysis strong bearish rally,0,0.602,0.398,0.5106,0,0,4/4/2018 16:16
made simple converter popular USD EUR GBP viceversa think useful guys,0,0.612,0.388,0.6908,2,0,4/4/2018 15:19
Big Players Capture Market Japan,0,1,0,0,1,0,4/4/2018 13:43
Exchanges Charging Million List Tokens,0,1,0,0,6,0,4/4/2018 13:30
Top highest ROI ICOs 2018 Jan Feb March,0,0.795,0.205,0.2023,1,0,4/4/2018 13:23
Loved Indicator Markets RSI,0,0.435,0.565,0.5994,38,0,4/4/2018 12:47
Resources Megalist ,0,1,0,0,17,0,4/4/2018 12:45
Extremely Bullish Ontology Announces Venture Capital Cooperation CoBuild Next Generation Chain Network,0,1,0,0,1,0,4/4/2018 12:36
Social experiment employees would accept part salary,0,0.698,0.302,0.3818,10,0,4/4/2018 12:00
Havven Better Alternative Tether 2018,0,0.58,0.42,0.4404,0,0,4/4/2018 10:59
seems since irs 20142018 guidelines claim gain event examples text right thing report non tradesgains irs makes new guidance file amended return swaps,0,0.866,0.134,0.5267,2,0,4/4/2018 10:23
Hey rcryptomarkets checkout web app see price charts favorite overboughtsold volume analysis highslows Let know think rsihuntercom,0,0.842,0.158,0.4588,0,0,4/4/2018 10:07
bigger market cap higher correlation truly behave one asset class look 092 LTC XMR 096,0,0.707,0.293,0.6597,2,0,4/4/2018 9:32
Trading Analysis April 2018,0,1,0,0,2,0,4/4/2018 6:28
Gemini holds accountfunds hostage ACH returned,0,1,0,0,1,0,4/4/2018 4:27
Havven starting foundation funds used responsibly benefit protocol,0,0.7,0.3,0.4588,0,0,4/4/2018 3:32
Bancor Network Launches Native Wallet BuiltIn Token Conversion,0,1,0,0,0,0,4/4/2018 3:12
embarrassingly huge John McAfee reveals charges 100000 marketmoving tweet,0.366,0.458,0.176,-0.3612,0,0,4/4/2018 3:00
Ways Benefit Merchants,0,0.4,0.6,0.4588,3,0,4/4/2018 2:34
Conference Recap,0,1,0,0,7,0,4/4/2018 1:38
g20 countries bans privacy coins,0,1,0,0,2,0,4/4/2018 1:30
Stox ZAP Announce Partnership Stox Prediction Markets Platform,0,1,0,0,6,0,4/3/2018 19:29
Double Bubble Analysis update,0,1,0,0,1,0,4/3/2018 19:08
turn stuff,0,1,0,0,1,0,4/3/2018 23:07
New report shows profitable investing ICOs really crunching months ICO data,0,0.775,0.225,0.4404,1,0,4/3/2018 23:07
Centra Founders Arrested Ties,0.508,0.492,0,-0.4767,0,0,4/3/2018 22:39
launches commerce API merchants accept,0,0.606,0.394,0.3818,4,0,4/3/2018 22:11
MoneroUpdate Good new GUIWallet Lithium Luna,0,0.633,0.367,0.4404,5,0,4/3/2018 21:41
Coinhive,0,1,0,0,1,0,4/3/2018 21:39
Google Banned Mining browser Extensions Chrome,0.375,0.625,0,-0.4588,2,0,4/3/2018 20:42
Apr 2018 Important News,0,0.625,0.375,0.2023,1,0,4/3/2018 20:39
Manipulation Communities Startup,0.524,0.476,0,-0.296,1,0,4/3/2018 20:27
Apps Never Miss Beat Market,0.286,0.714,0,-0.1531,1,0,4/3/2018 20:15
Beginning 2018 Bull Run,0,1,0,0,0,0,4/3/2018 19:55
McAfee Effect,0,1,0,0,1,0,4/3/2018 19:33
Vitalik Buterin Calling Craig Wright Fraud Public,0.388,0.612,0,-0.5859,11,0,4/3/2018 18:54
HPB Public Testnet Announcement,0,1,0,0,1,0,4/3/2018 18:42
List Today Tomorrow Upcoming Events,0,1,0,0,1,0,4/3/2018 18:02
Selfkey working browser addon facilitate Token Sales KYC,0,1,0,0,6,0,4/3/2018 17:32
Centra Tech Shut False Claims Million ICO Biggest Ever Scam ICO,0.27,0.73,0,-0.5719,5,0,4/3/2018 17:25
Unique Creative Honest Bounty Exercise Strive Excellence News Coverage,0,0.368,0.632,0.8834,1,0,4/3/2018 16:42
PCHAIN Gamechanger China,0,1,0,0,0,0,4/3/2018 16:17
Bandwagon Experiment Week Buying top 7day increase 8219 overall 2500 week,0,0.687,0.313,0.4767,6,0,4/3/2018 15:37
rCryptoMarkets Daily Discussion 03Apr2018,0,1,0,0,9,0,4/3/2018 10:05
Acid Test Needs Break 7800 Signal Bull Reversal,0,1,0,0,16,0,4/3/2018 14:48
Currently Podcast Steemit Localcoinswap John Mcafee lizard person,0,1,0,0,1,0,4/3/2018 14:40
mistakes people generally make trading,0.385,0.615,0,-0.3612,6,0,4/3/2018 10:25
Day Experiment,0,1,0,0,10,0,4/3/2018 10:07
Intel Patented Technology Make Mining Efficient,0,0.641,0.359,0.4215,111,0,4/3/2018 9:52
complete opposite April universe Practically market green territory Price map last hours Price outliers STEEM POWR VEN altocins,0,1,0,0,1,0,4/3/2018 9:24
Dose reality,0,1,0,0,0,0,4/3/2018 8:10
trust pump,0,0.233,0.767,0.5106,13,0,4/3/2018 8:01
Built free Automation Trading Guide help New Traders,0,0.5,0.5,0.7184,0,0,4/3/2018 7:42
Joseph Poon private blockchains silly unless run top decentralized Plasma chain,0,0.756,0.244,0.2263,14,0,4/3/2018 7:36
SEC busts fraudulent ICO endorsed Floyd Mayweathet,0.314,0.49,0.196,-0.296,81,0,4/3/2018 7:29
Goldman Sachs Entering Lead Price Surge,0,1,0,0,2,0,4/3/2018 6:44
Dead Petro Comparison,0.683,0.317,0,-0.6486,4,0,4/3/2018 6:19
China part ,0,1,0,0,3,0,4/3/2018 4:56
Costs Get John McAfee Promote ICO,0,0.658,0.342,0.3818,2,0,4/3/2018 4:28
Daily Update 4218 Technical Analysis,0,1,0,0,1,0,4/3/2018 4:15
Technical Anaylsis LTC XLM BNB VEN April 2nd ,0,1,0,0,0,0,4/3/2018 4:11
Head Morgan Chase project leaves company,0,1,0,0,1,0,4/3/2018 3:12
CTR SEC Halts Fraudulent Scheme Involving Unregistered ICO,0.314,0.686,0,-0.4939,24,0,4/3/2018 2:29
Chrome Web Store Banning Mining Extensions,0,1,0,0,3,0,4/3/2018 1:03
Korean Workers Illegally Siphoned Electricity Factories Mine,0,1,0,0,1,0,4/2/2018 23:24
Breaks 7000 Market Sees Slow Growth,0,0.658,0.342,0.3818,1,0,4/2/2018 23:19
New Korean Exchange OKCoin Korea launched,0,0.769,0.231,0.128,1,0,4/2/2018 23:11
Price Leads Comeback Market Briefly Dips,0,1,0,0,2,0,4/2/2018 22:06
Daily News Digest Millionaires Love Lamborghinis ICO Taxes 100 Helpful Recources,0,0.563,0.438,0.7906,1,0,4/2/2018 21:32
Apr 2018 Important News,0,0.625,0.375,0.2023,0,0,4/2/2018 21:11
IoT Chain ITC breakthrough Internet Things users,0,1,0,0,36,0,4/2/2018 21:02
Someone building Decentralized Open Source Tech Education Platform based EOS,0,1,0,0,1,0,4/2/2018 21:02
Mental Transaction Costs Micro Payments Monday Mastery Furthering Development Understanding,0,1,0,0,2,0,4/2/2018 20:42
Monday News Rewind Free Nano given away Friday,0,0.68,0.32,0.5106,1,0,4/2/2018 20:05
Whale Bravado posted message Telegr,0,1,0,0,1,0,4/2/2018 19:12
airdrops messing market,0,1,0,0,17,0,4/2/2018 19:04
questions ask invest,0,1,0,0,41,0,4/2/2018 18:49
Democratizing Lending ETHLend Hacker Noon,0,1,0,0,12,0,4/2/2018 18:38
Regulatory Trends Country,0,1,0,0,8,0,4/2/2018 18:35
previous bull run fundamentally diff next one likely going rewrite financial history books made THOUSAND dollars whilst called ponzi scam media banks people trust Survive bear market priority,0.112,0.788,0.1,-0.1027,245,0,4/2/2018 18:25
List Today Tomorrow Upcoming Events,0,1,0,0,9,0,4/2/2018 18:03
Cold Storage Need,0,1,0,0,30,0,4/2/2018 17:16
Coin Boys Coin Show TETHER,0,1,0,0,2,0,4/2/2018 17:08
Omicrex Exchange accepting debitcredit card transfers Announces giveaway promo,0,0.755,0.245,0.3818,2,0,4/2/2018 17:05
Apr 2018 Important News,0,0.625,0.375,0.2023,0,0,4/2/2018 16:47
Mastercard Happy Support,0,0.135,0.865,0.7506,111,0,4/2/2018 16:04
April MARKET OVERVIEW Cash Ripple IOTA NEM Cardano,0,1,0,0,0,0,4/2/2018 15:55
Five Biggest ICOs 2017 Urban rethtrader,0,1,0,0,6,0,4/2/2018 15:43
Canadian Bank Censoring Payments Made Firms,0,1,0,0,1,0,4/2/2018 15:39
Apr 2018 Upcoming Events,0,1,0,0,0,0,4/2/2018 15:19
Beginners Guide Technical Analysis,0,1,0,0,4,0,4/2/2018 14:35
South Korea Plans Announce Tax Plan June 2018,0,1,0,0,41,0,4/2/2018 13:35
Vitalik Buterin Angry Facebook Deleting Fake Scam Accounts,0.669,0.331,0,-0.8779,2,0,4/2/2018 1:04
Kazakh National Bank Considers Ban Trading Mining Country,0.34,0.66,0,-0.5574,1,0,4/2/2018 7:26
rCryptoMarkets Daily Discussion 02Apr2018,0,1,0,0,2,0,4/2/2018 10:05
Apr 2018 Important News,0,0.625,0.375,0.2023,0,0,4/2/2018 9:16
base layer scaled,0,1,0,0,0,0,4/2/2018 6:03
Unbiased review VeChain Good Bad Shilling FUD,0.557,0.225,0.218,-0.5473,3,0,4/2/2018 5:54
Market Cap Useful,0,0.408,0.592,0.4404,1,0,4/2/2018 5:25
Going exposing scam coin,0.744,0.256,0,-0.7003,0,0,4/2/2018 4:14
going come back strong bear,0,0.548,0.452,0.5106,16,0,4/2/2018 2:48
Russians Owe Tax Incomes,0,1,0,0,13,0,4/2/2018 1:29
April 2018 Bounty0x Weekly Update,0,1,0,0,3,0,4/2/2018 0:44
OMforkingG OmiseGo Blog,0,1,0,0,2,0,4/2/2018 0:28
List Today Tomorrow Upcoming Events,0,1,0,0,2,0,4/1/2018 23:44
Nvidia CEO Stay,0,1,0,0,19,0,4/1/2018 23:39
Nvidia Realizes Importance,0,0.444,0.556,0.3612,1,0,4/1/2018 22:56
Daily News Digest Russia Elections ICO Winter Coming Challenges,0,0.86,0.14,0.0772,1,0,4/1/2018 22:53
DEHEDGE MARKET UPDATE DeHedge Medium,0,1,0,0,19,0,4/1/2018 22:49
multisharing trendy today,0,1,0,0,3,0,4/1/2018 22:42
Although still lot red color universe less dramatic previous days Price map last hours Price outliers XVG XVG smaller altocins,0,1,0,0,0,0,4/1/2018 21:55
Uber Network Bandwidth NKN ICO Review,0,1,0,0,1,0,4/1/2018 21:27
Bitfinex market data receiver arbitrage bot Part ,0,1,0,0,1,0,4/1/2018 20:01
Vanywhere CTO speaks ICO perspective true techie,0,0.682,0.318,0.4215,1,0,4/1/2018 18:40
120 Million Vitalik Proposes Cap Ether,0,1,0,0,2,0,4/1/2018 18:33
XRP Ripple Week Viral Publicity Liquidity Boosts Another Central Bank Mention,0,0.813,0.187,0.3182,4,0,4/1/2018 18:28
4118 Chart Analysis,0,1,0,0,1,0,4/1/2018 18:15
Giving Away Subs Big THANK,0,0.348,0.652,0.6841,1,0,4/1/2018 17:30
price weekly analysis dropping towards 6000,0,1,0,0,4,0,4/1/2018 15:38
Declared Legal Tender European Central Bank,0,0.769,0.231,0.128,59,0,4/1/2018 15:36
rCryptoMarkets Daily Discussion 01Apr2018,0,1,0,0,2,0,4/1/2018 10:05
Guys month April exposing scam coin every day would guys interested,0.352,0.485,0.164,-0.4767,691,0,4/1/2018 15:01
Stealth Mining Much Prevalent Higher Industries,0.206,0.794,0,-0.0772,5,0,4/1/2018 12:58
Hello coinstokens portfolio since December ranging Quick question,0,1,0,0,3,0,4/1/2018 12:54
Trading strategy bear market,0,1,0,0,0,0,4/1/2018 12:43
Shitcoin Fantasy Win picking shitcoins,0,0.513,0.487,0.5859,9,0,4/1/2018 12:04
Kazakhstan ban mining trading,0.545,0.455,0,-0.5574,6,0,4/1/2018 11:57
LAMBO,0,1,0,0,163,0,4/1/2018 9:18
Jack Dorsey expects become world single currency years,0,1,0,0,8,0,4/1/2018 5:17
BTCC Organizing FirstEver March Make Official Global Currency,0,1,0,0,0,0,4/1/2018 4:09
buying ,0,1,0,0,4,0,4/1/2018 3:07
Mar 2018 Upcoming Events,0,1,0,0,0,0,4/1/2018 1:11
TRON TRX BIG ANNOUNCEMENT TRX ,0,1,0,0,0,0,4/1/2018 1:04
Opinion Question soon reach ATH,0,0.784,0.216,0.0258,1,0,4/1/2018 0:08
Complete Guide InstitutionalGrade CryptoExchanges,0,1,0,0,2,0,3/31/2018 23:49
Banks best,0,0.192,0.808,0.6369,10,0,3/31/2018 23:28
Price Analysis March 2018,0,1,0,0,1,0,3/31/2018 23:03
Scam Alert Skychain scam token Read,0.587,0.238,0.175,-0.7351,107,0,3/31/2018 22:58
Markets See Slight Uptick Monthly Low,0.296,0.704,0,-0.2732,15,0,3/31/2018 22:52
Mar 2018 Important News,0,0.625,0.375,0.2023,1,0,3/31/2018 22:37
Fashion announced Fashion Week,0,1,0,0,3,0,3/31/2018 22:24
Daily News Digest Taxing Buying Backfire Limits Cryptoeconomic Governance Future,0,1,0,0,0,0,3/31/2018 22:14
IOTA Kingpin IoT,0,1,0,0,5,0,3/31/2018 22:06
Relatively muted sentiment level Slightly positive ripple Lisk stands among big ,0,0.751,0.249,0.5118,2,0,3/31/2018 21:41
Cool video Highlights Wednesday,0,0.566,0.434,0.3182,1,0,3/31/2018 21:25
Finally Exchange Designed Support Massive Cryptomarket Leading Broker ExpertOption,0,0.748,0.252,0.4019,1,0,3/31/2018 1:43
rCryptoMarkets Daily Discussion 31Mar2018,0,1,0,0,2,0,3/31/2018 10:05
Data Analysis Request optimum based signal provider performance,0,1,0,0,1,0,3/31/2018 19:37
OKEx Details Futures Trading Incident Mar ,0,1,0,0,1,0,3/31/2018 19:10
IBM Evolution Big Blue Finally Getting Serious,0.178,0.822,0,-0.0772,3,0,3/31/2018 18:51
Bounty0x Podcast Tipblockchainio,0,1,0,0,2,0,3/31/2018 18:42
Planning Price Recovery,0,1,0,0,2,0,3/31/2018 18:41
State Markets Possible Reasons Behind Bear Market,0,1,0,0,0,0,3/31/2018 18:13
33118 Chart Analysis BotMentality,0,1,0,0,1,0,3/31/2018 17:50
Got little fed spreadsheets guys think sell plan monthsyears price predictions conservative,0,1,0,0,4,0,3/31/2018 16:56
Nvidia CEO Believes Future Core Business Company,0,1,0,0,3,0,3/31/2018 16:03
ICOs Success Rate Dropping Every Month Since June 2017,0,0.684,0.316,0.5719,51,0,3/31/2018 15:19
Anyone knows net want help build typed version ccxt multiexchangeapiclient,0,0.667,0.333,0.4588,1,0,3/31/2018 15:04
making simple Windows application read trade histories exchange,0,1,0,0,0,0,3/31/2018 14:01
case missed Selfkey CEO compilation,0.355,0.645,0,-0.296,34,0,3/31/2018 13:54
country also planning ban,0.545,0.455,0,-0.5574,2,0,3/31/2018 13:03
Fantasy Exchange Game,0,1,0,0,10,0,3/31/2018 11:31
created simple eventsannouncements calendar website,0,0.667,0.333,0.25,14,0,3/31/2018 11:18
Follow TRON Live Coverage Justin Sun Speaking Grow Larger,0,1,0,0,1,0,3/31/2018 6:40
man misleads Canadian Parliament Cash Coingeek,0,1,0,0,9,0,3/31/2018 6:30
Bitmex fill orders multiple traders price,0,1,0,0,5,0,3/31/2018 4:27
Showdown privacy protocols uses,0,1,0,0,19,0,3/31/2018 3:59
Sliming portfolio alt stuck cryptopia,0.333,0.667,0,-0.25,2,0,3/31/2018 3:35
Let forget top economies world stated potential improve global financial system inclusiveness,0.122,0.577,0.301,0.4215,125,0,3/31/2018 3:31
Market Experiences Monthly Low Currently Trading Around 7000,0.231,0.769,0,-0.2732,3,0,3/31/2018 3:05
N3WS Week Jobs LitePay Disaster DonorsChoose XRP Stephen Colbert,0.339,0.661,0,-0.6249,0,0,3/31/2018 2:56
Last minute IRS 2017 Form 8949 gains tax tips,0,0.769,0.231,0.34,2,0,3/31/2018 2:54
France Emerging Policy Appears Optimistically Vague,0.165,0.471,0.365,0.4019,1,0,3/31/2018 2:26
New partnership positions KIN token become major player gaming world,0,1,0,0,2,0,3/31/2018 1:57
7000,0,1,0,0,0,0,3/31/2018 0:51
REMME scam multiple red flags,0.481,0.519,0,-0.5719,3,0,3/30/2018 23:11
Almost complete dark red universe Price map last hours right time focus good projects price outliers one btm kin smaller altocoins,0,0.873,0.127,0.4404,6,0,3/30/2018 22:57
Perpetrating suicide boozing poison exchange OKEx head office Hong Kong,0.5,0.5,0,-0.8402,0,0,3/30/2018 22:47
Epic spreadsheet revealed One spreadsheet rule,0,1,0,0,0,0,3/30/2018 22:41
Fundamental Factors looked analyzing Cryptoasset sample fundamental report squeezed,0,1,0,0,3,0,3/30/2018 21:22
Seoul Korea Mayor Prepares City Embrace Technology,0,0.723,0.277,0.3182,16,0,3/30/2018 21:13
Today Gone Tomorrow Billionaires Net Worth Falls Billions,0,0.787,0.213,0.2263,2,0,3/30/2018 21:06
White Rabbit announces token sale date raise,0,1,0,0,11,0,3/30/2018 20:51
Satoshi defining feature beyond technical prowess calm collected polite brilliant person knew foster undivided community Aspirants take note,0,0.724,0.276,0.7269,34,0,3/30/2018 20:30
Technical Anaylsis death cross possible March 30th ,0.394,0.606,0,-0.5994,1,0,3/30/2018 20:13
Money Evolution Part Future,0,1,0,0,1,0,3/30/2018 19:55
NEO NEP5 tokens stack,0,1,0,0,1,0,3/30/2018 19:47
Look around think learn,0,1,0,0,55,0,3/30/2018 19:17
Chilean banks banned exchanges accounts Chile spanish article,0.3,0.7,0,-0.4588,2,0,3/30/2018 18:38
Considering Invest ICO Absolute MustRead Tutorial,0,1,0,0,11,0,3/30/2018 17:39
MailChimp Follows Suit Ban Cryptocurrencyrelated Ads Emails,0.375,0.625,0,-0.5574,4,0,3/30/2018 16:34
Trader Saw Millions Worth Liquidated Threatens Commit Suicide,0.467,0.263,0.27,-0.6124,11,0,3/30/2018 16:26
Price Manipulation Cartel Conspiracy,0.737,0.263,0,-0.6808,0,0,3/30/2018 15:44
Global Groups Sue Social Media Giants,0,1,0,0,18,0,3/30/2018 14:57
buyingsellingHODLing,0,1,0,0,8,0,3/30/2018 14:41
Calendar Listings,0,1,0,0,1,0,3/30/2018 14:35
would trigger next bull run ATH social media ads stay banned,0.231,0.769,0,-0.4588,11,0,3/30/2018 13:34
Thailand Approved two Royal decree drafts Regulate transactions imposing taxes,0.115,0.656,0.23,0.34,16,0,3/30/2018 13:31
Florida State Rep Candidate Sets Contract Contributions,0,1,0,0,5,0,3/30/2018 2:26
Spanish Police Arrested Hacker Stole Billion Using,0.341,0.659,0,-0.4767,2,0,3/29/2018 20:49
ICODAILYNET Digest Hollywood First Movie Big Tech Interest Bull Says HODL,0,0.769,0.231,0.4588,1,0,3/30/2018 12:51
rCryptoMarkets Daily Discussion 30Mar2018,0,1,0,0,7,0,3/30/2018 10:05
Futures Markets Negatively Affect Price Entire Industry,0,1,0,0,6,0,3/30/2018 11:35
rising gon get rich,0,0.455,0.545,0.5574,0,0,3/30/2018 10:22
evacuation confirmed spike Tether sentiment level moved green territory yesterday DeathCross fear plummeting market gives light end bear market,0.151,0.849,0,-0.4939,1,0,3/30/2018 9:41
hell break loose market boom 2018 according CEO American Expressbacked startup Abra Markets Insider,0.365,0.635,0,-0.7845,53,0,3/30/2018 8:59
sudden fall markets,0,1,0,0,21,0,3/30/2018 8:35
current weakness tech stocks effect markets,0.359,0.641,0,-0.4215,3,0,3/30/2018 7:40
Update new face community Join today,0,0.694,0.306,0.296,0,0,3/30/2018 6:48
Telegram Attracts 850 Mln Second Round ICO,0,0.69,0.31,0.4019,2,0,3/30/2018 6:04
got 2496 hodlers Trivia tonight,0,1,0,0,186,0,3/30/2018 5:08
Double Click Malta Island,0,1,0,0,13,0,3/30/2018 5:08
Mar 2018 Important News,0,0.625,0.375,0.2023,1,0,3/30/2018 4:05
Listen CIO Utrust UTK Filipe Castro present platform Summit 2018 provide Paypal like security think,0,0.726,0.274,0.5994,3,0,3/30/2018 3:44
Market Cap Lowest Months Dominance Continues Grow,0.277,0.532,0.191,-0.2023,7,0,3/30/2018 3:43
Major Hitting 2018 Lows Today,0.31,0.69,0,-0.2023,14,0,3/30/2018 3:27
Futures Exchanges Exchange Pinned Token ArtificialManipulative Markets,0,1,0,0,5,0,3/30/2018 3:21
Covesting Beta Launches 330 exchange copytrade track data read newsevents,0,1,0,0,8,0,3/30/2018 3:18
Wall Street expert stay bullish even dips biggest rally still come,0,1,0,0,136,0,3/30/2018 2:37
ICO REVIEW Initial Analysis Fabric Network WIX Dapp Creation ICO ends April 1st,0,0.851,0.149,0.2732,0,0,3/30/2018 2:19
Video Game Giant Unity Work Mobile App Kik ICO Token,0,1,0,0,35,0,3/30/2018 1:50
Buy currency DASH gas stations Austria paves way,0,1,0,0,15,0,3/30/2018 1:48
Hashgraph Partners ICO LIT Token,0,1,0,0,0,0,3/30/2018 1:23
Price Pressure Due Death Cross Concerns,0.604,0.396,0,-0.7269,0,0,3/30/2018 1:23
China central bank launch crackdown virtual currencies,0,1,0,0,0,0,3/30/2018 1:19
Binance amp Upbit Top Profitable Exchange,0,0.46,0.54,0.5719,1,0,3/30/2018 1:08
Mar 2018 Upcoming Events,0,1,0,0,2,0,3/30/2018 0:47
average return investment ICOs dropped 2018,0,1,0,0,12,0,3/30/2018 0:38
Token Velocity Explained purposes valuing investment opportunities,0,0.5,0.5,0.6124,0,0,3/29/2018 23:45
Dogecoin Popularity Value Explained,0,0.267,0.733,0.6705,3,0,3/29/2018 23:39
Meet zkSNARKs perfect fusion zeroknowledge proofs,0,0.575,0.425,0.5719,4,0,3/29/2018 23:19
times bear market despair Someone made website honor Satoshi,0.184,0.56,0.256,0.2263,3,0,3/29/2018 22:35
Congress Passes CLOUD Act Facilitate Law Enforcement Access Overseas Data,0,1,0,0,2,0,3/29/2018 22:09
Currently Podcast Google Twitter Facebook lose,0.351,0.649,0,-0.4019,2,0,3/29/2018 21:31
Vitalik Butering Considering Charging Users Rent Using,0,1,0,0,1,0,3/29/2018 21:30
Two Japanese Exchanges Shut Amid Coincheck Hack Fallout Report,0,1,0,0,2,0,3/29/2018 21:29
Analyst predicts hit 91k 2020 World News,0,1,0,0,0,0,3/29/2018 21:27
Breaking news London Blocks exchange adds Ripple tradingawesome,0.213,0.787,0,-0.2263,1,0,3/29/2018 21:08
Three Think Get Added,0,1,0,0,0,0,3/29/2018 20:57
List Today Tomorrow Upcoming Events,0,1,0,0,2,0,3/29/2018 19:55
keep holding,0,1,0,0,6,0,3/29/2018 19:40
Correction Drives Market New Lows Still POSITIVE Opinions Regarding Trend,0.127,0.566,0.307,0.5473,6,0,3/29/2018 19:38
Get rewarded problem solving EDEN ecosystem products services,0.203,0.376,0.421,0.4404,30,0,3/29/2018 19:22
Leasing Proof Stake,0,1,0,0,44,0,3/29/2018 19:19
collaborative calendar know every event AMA product release happens,0,1,0,0,3,0,3/29/2018 19:18
Veterans gone though crashes realistic,0,1,0,0,11,0,3/29/2018 19:15
Daily price update LTC Real reason behind crash China allowing ICOs,0.213,0.787,0,-0.4019,1,0,3/29/2018 19:08
Earning requires diversification,0,1,0,0,1,0,3/29/2018 19:08
One Leading Exchanges Considers Moving,0,1,0,0,4,0,3/29/2018 19:02
safest way invest 2018,0,0.526,0.474,0.4019,39,0,3/29/2018 19:00
Market Ideas,0,1,0,0,1,0,3/29/2018 18:44
ICO Daily News Digest 8th Wonder World Lessons Military Trading Inevitable Crash Century,0.184,0.816,0,-0.4019,10,0,3/29/2018 18:41
Solume Weekly Digest Made Buzz Space,0,1,0,0,3,0,3/29/2018 18:31
Oyo Rooms 500 Million startup India either launching playing bad joke Thoughts,0.212,0.545,0.242,-0.128,2,0,3/29/2018 18:11
market really consolidating,0,1,0,0,3,0,3/29/2018 18:10
Take look interesting project SCS fast decentralized untraceable,0,0.722,0.278,0.4019,1,0,3/29/2018 18:04
Price Slides 7600 Market Dips 300 Billion Possible Reasons,0,1,0,0,8,0,3/29/2018 17:54
Big Investors Make Hell Break Loose 2018 Says Abra CEO,0.463,0.537,0,-0.7845,26,0,3/29/2018 17:50
Meet Wemark blockchainbased marketplace digital content,0,1,0,0,0,0,3/29/2018 17:24
Havven Decentralized Peertopeer Payment Platform Pricestable,0,1,0,0,3,0,3/29/2018 17:12
news hour summary,0,1,0,0,2,0,3/29/2018 17:11
TRON Rumors Partnership Alibaba Keeps Green Overall Bearish Market,0,1,0,0,0,0,3/29/2018 17:09
Best choices coins listed Kucoin,0,0.488,0.512,0.6369,2,0,3/29/2018 16:39
lawsuit filed social media platforms banning adv,0.241,0.759,0,-0.2263,39,0,3/29/2018 16:09
European Summit 2018 Puts Market Regulation Industry Collaboration Foreground,0,1,0,0,2,0,3/29/2018 16:03
Ripple Joins Hyperledger Consortium,0,1,0,0,5,0,3/29/2018 15:31
Price Analysis Tom Lee says HODL 25000 End Year,0,1,0,0,20,0,3/29/2018 14:50
Bitfinex Bars Petro Venezuelan Coins Citing Sanctions,0,1,0,0,3,0,3/29/2018 13:11
Tips beginners,0,1,0,0,2,0,3/29/2018 13:08
UTK pump appears Big news coming Ride small altcoin,0,1,0,0,0,0,3/29/2018 12:59
Asura World Perfect Answer currently crippled eSport Community,0,0.654,0.346,0.5719,0,0,3/29/2018 11:34
Oyster PRL air drop days,0.344,0.656,0,-0.2732,20,0,3/29/2018 11:22
Eurasian Association Sue Social Media Giants Banning Ads,0,1,0,0,3,0,3/28/2018 19:42
rCryptoMarkets Daily Discussion 29Mar2018,0,1,0,0,2,0,3/29/2018 10:05
Sentiment level overall still positive pressure Thus make money bear market focus positive stories changing 247 markets rapidly sentiment analytics great tool find,0.068,0.585,0.348,0.8779,3,0,3/29/2018 9:56
Giant Bitfinex Considers Moving Operations Switzerland,0,1,0,0,42,0,3/29/2018 9:38
nonsense right Conspiracy Theory 4th Dimension BitcoinManipulationCartel PriceSuppression Goal,0.466,0.534,0,-0.7269,0,0,3/29/2018 9:33
Add another industry afraid currencies Social Media,0,1,0,0,2,0,3/29/2018 8:11
Earn 50k OST developing proof concept application,0,1,0,0,4,0,3/29/2018 6:44
Fantasy trading simulators,0,1,0,0,15,0,3/29/2018 4:54
Coinfalcon grossly overcharges trades made via Buy Sell tab,0.192,0.808,0,-0.2263,3,0,3/29/2018 4:29
Altcoin Season Says Week Technical Analysis,0,1,0,0,0,0,3/29/2018 3:06
Justin Sunerok Verge CEO funds frozen,0,1,0,0,222,0,3/29/2018 2:46
Billionaire Trading King Suddenly Run Problems,0.351,0.649,0,-0.4019,0,0,3/29/2018 2:44
scared heights POWH passes Cryptokitties Challenge,0.354,0.488,0.159,-0.3818,0,0,3/29/2018 1:45
Australia Seeks Public Input Tax Treatment,0,1,0,0,30,0,3/29/2018 1:27
Numbers Game Calculating Future Coin,0,1,0,0,2,0,3/29/2018 0:31
potential lawsuit Sirin Labs,0.388,0.612,0,-0.2263,6,0,3/29/2018 0:17
IOTA Working Decent Wallet Trinity Wallet Coming Soon,0,1,0,0,22,0,3/28/2018 23:58
look LApps introduced Blockstream,0,1,0,0,3,0,3/28/2018 23:26
Beginner Friendly Guide Technical Analysis,0,0.556,0.444,0.4939,2,0,3/28/2018 22:36
Binance Face Legal Action Japan,0,0.727,0.273,0.128,0,0,3/28/2018 22:11
Using Cutting Edge Contract Florida House Candidate Sets New Standard Campaign Transparency raphaelsocher2018com,0.111,0.889,0,-0.128,21,0,3/28/2018 22:05
INS Token Airdrop Rules AprilJune 2018 Changed New Token Buyers Also Get Airdrop,0,1,0,0,20,0,3/28/2018 21:45
TRADING ANALYSIS MARCH 2018,0,1,0,0,0,0,3/28/2018 21:34
New european exchange coming thoughts,0,1,0,0,3,0,3/28/2018 21:33
Using technology return control photographers stock photography platforms,0,1,0,0,1,0,3/28/2018 21:32
herocoin launched esports platform today,0,0.727,0.273,0.128,19,0,3/28/2018 20:54
Smart Contracts change world business,0,0.597,0.403,0.4019,6,0,3/28/2018 20:49
Ripple Donates Million USD Schools Via DonorsChoose,0,1,0,0,3,0,3/28/2018 20:11
Let pledge put hardearned money scammy exchanges ever,0,1,0,0,7,0,3/28/2018 19:47
Mar 2018 Important News,0,0.625,0.375,0.2023,6,0,3/28/2018 19:39
Securing Identity Civic Hacker Noon,0,0.635,0.365,0.3182,1,0,3/28/2018 19:13
Dictionary terms acronyms vocabulary slang etc,0,1,0,0,2,0,3/28/2018 19:05
List Today Tomorrow Upcoming Events,0,1,0,0,2,0,3/28/2018 18:39
India tax filing platform assisting investors file taxes,0,1,0,0,2,0,3/28/2018 18:26
Hashgraph End,0,1,0,0,0,0,3/28/2018 18:17
Ambrosus AMB Announcement Tiered Master Nodes confirmed team locking tokens,0,1,0,0,36,0,3/28/2018 18:15
Podcasts Accelerate Learning Technology,0,1,0,0,4,0,3/28/2018 18:15
Top ICO Whitelists Blockchains,0,0.625,0.375,0.2023,1,0,3/28/2018 18:10
LitePay Fiasco Downfall,0.623,0.377,0,-0.5106,0,0,3/28/2018 18:02
XRP Reaching Cruising Altitude,0,0.625,0.375,0.2023,2,0,3/28/2018 17:41
Announcements Good True,0,0.149,0.851,0.6908,5,0,3/28/2018 17:38
Anyone know reputable news source Large orders shopped source suspects Gox,0.194,0.806,0,-0.34,3,0,3/28/2018 17:37
New Study ICOs Scams Reach Exchange News,0.384,0.505,0.111,-0.5719,23,0,3/28/2018 17:21
Qlink getting stronger 2551,0,0.536,0.464,0.3818,0,0,3/28/2018 16:38
CBOE Defense ETF Huge Longer 2018,0,0.513,0.487,0.4215,1,0,3/28/2018 16:37
price weekly analysis breaking symmetrical triangle pattern,0,1,0,0,4,0,3/28/2018 16:28
CheapAir start accepting BitcoinCash awesome already accepted,0,0.313,0.688,0.8316,2,0,3/28/2018 15:20
Interview Dejan Roljic Ziga Tony ELIGMA ICO,0,1,0,0,2,0,3/28/2018 13:52
Top Famous Cypto Cyber Attacks,0.377,0.39,0.234,-0.2732,1,0,3/28/2018 12:46
Vitalik Buterin joins OmiseGO give 1million refugees,0,1,0,0,220,0,3/28/2018 12:19
video Stephen Colbert talking Ripple donation Donors Choose,0,1,0,0,9,0,3/28/2018 10:58
rCryptoMarkets Daily Discussion 28Mar2018,0,1,0,0,6,0,3/28/2018 10:05
IOTA Meeting New York John Licciardello Ecosystem Development Fund Clara Shikhelman Research Scientist,0,1,0,0,1,0,3/28/2018 9:56
Ripple Gives Million XRP DonorsChooseorg,0,1,0,0,5,0,3/28/2018 8:13
Stateless payments stateless people article OmiseGO founder,0,1,0,0,1,0,3/28/2018 7:16
Twitter Bans amp ICO Advertising Starting Today,0,1,0,0,0,0,3/28/2018 6:52
quit jobs job fullfeatured desktop trading software Binance GDAX Poloniex tools active traders Tell think,0,0.838,0.162,0.4019,36,0,3/28/2018 5:50
RSI Relative Strength Index Indicator Trading,0,0.61,0.39,0.4939,0,0,3/28/2018 4:18
Make YouTube Videos FullTime seen content yet would love earn support,0,0.566,0.434,0.7845,0,0,3/28/2018 3:30
Mar 2018 Upcoming Events,0,1,0,0,1,0,3/28/2018 1:40
Interesting comparison sentiment two mayor much better sentiment level ripple Also XRP sentiment volatility increased,0,0.609,0.391,0.7717,5,0,3/28/2018 1:37
ESMA Considers Tougher Measures Derivatives CCG,0,0.746,0.254,0.1779,1,0,3/28/2018 1:27
Ripple cofounder Jed McCaleb blasts Ripple explains left company,0,1,0,0,1,0,3/28/2018 1:02
Education Ecosystem partnering BlockShow BlockShow Europe 2018 Berlin Germany May 2829,0,1,0,0,1,0,3/27/2018 23:38
IRS Taxes Large Number Trades,0,0.755,0.245,0.0772,21,0,3/27/2018 23:20
Coingate Partnerships Presta Shop 80000 Merchant Able Accept,0,0.729,0.271,0.3818,3,0,3/27/2018 22:36
ANN Viewly Alpha Live,0,1,0,0,24,0,3/27/2018 22:28
Hitchhiker Guide Distributed Systems Storj,0,1,0,0,17,0,3/27/2018 22:23
first blockchainbased Sharing platform IPSX announces new partnership Data Center Luxembourg,0,0.781,0.219,0.4215,10,0,3/27/2018 22:21
Russian Link Venezuelan Digital Coin Deemed Fake News,0.307,0.693,0,-0.4767,3,0,3/27/2018 22:19
Vitalik Aya Miyaguchi meet Japanese Minister Foreign Affairs equivalent Secretary State,0,1,0,0,29,0,3/27/2018 21:55
Peter Van Valkenburgh Regulation Heading,0,1,0,0,2,0,3/27/2018 21:51
Kees Vos CEO MobileBridge discusses importance Capturing value Marketing,0,0.588,0.412,0.5994,14,0,3/27/2018 21:24
Ways Invest Without Buying,0,1,0,0,1,0,3/27/2018 21:13
Facebook Google social media banning ads,0,1,0,0,1,0,3/27/2018 20:09
brother talked everyday since 2013 joking best man speech 2015 wedding HODL,0,0.621,0.379,0.7269,25,0,3/27/2018 19:40
ICO Daily News Digest Falls ICO Quality Stats Steven Seagal Scam Exit,0.252,0.748,0,-0.5719,1,0,3/27/2018 19:38
trading bots,0,1,0,0,1,0,3/27/2018 19:02
Reddit disables payment option Reddit Gold subscription,0,1,0,0,6,0,3/27/2018 18:57
Airdrops Fly World Digital Currencies,0,1,0,0,5,0,3/27/2018 18:41
IBM Confirms Stellar Lumens Used Bridge Asset,0,0.706,0.294,0.3612,193,0,3/27/2018 18:32
NEO Neo Kid Block,0.492,0.508,0,-0.4404,0,0,3/27/2018 17:54
last hours market news,0,1,0,0,0,0,3/27/2018 17:48
Save Fake News,0.425,0.137,0.438,0.0258,18,0,3/27/2018 17:37
Cryptorelated news info,0,1,0,0,1,0,3/27/2018 17:13
ShareRing Meet Startup DualCoin Setup Combat Volatility,0.286,0.714,0,-0.34,1,0,3/27/2018 16:41
Dutch court values Trump blocks Venezuela Quick recent news summary,0.151,0.635,0.214,0.2023,2,0,3/27/2018 16:29
Sunny Stormy Days Lightning Network,0,0.588,0.412,0.4215,24,0,3/27/2018 16:24
80000 New Merchants Europe Gain Option Accept News,0,0.5,0.5,0.7184,45,0,3/27/2018 16:23
reasons improving ,0,0.263,0.737,0.4215,1,0,3/27/2018 16:00
college students employees switch using earn profits,0,0.674,0.326,0.4404,25,0,3/27/2018 15:38
weekly price analysis Bears still top,0,0.735,0.265,0.2023,3,0,3/27/2018 15:00
Thesis working exchange searching reports around average customer trading,0,1,0,0,1,0,3/27/2018 14:21
Currently Podcast dirty deeds Facebook Twitter Petro guy,0.293,0.707,0,-0.4404,1,0,3/27/2018 14:09
Weekly Stats Recently Listed Tokens 1285,0,1,0,0,0,0,3/27/2018 13:48
World Largest Exchange Binance Moving Malta,0,1,0,0,0,0,3/27/2018 13:43
Market Free Fall Drags Monero Ripple Panic Sales Hurt,0.503,0.299,0.198,-0.6249,2,0,3/27/2018 12:21
rCryptoMarkets Daily Discussion 27Mar2018,0,1,0,0,5,0,3/27/2018 10:05
South Korea Largest MultiBillion Dollar Conglomerates Enter Market,0,1,0,0,1,0,3/27/2018 3:03
80000 New Merchants Europe Gain Option Accept,0,0.455,0.545,0.7184,3,0,3/27/2018 12:03
always hearing regulatory hurdles exactly makes tricky exchanges offer fiat gateways,0.138,0.862,0,-0.1531,1,0,3/27/2018 11:30
South Korea Largest MultiBillion Dollar Conglomerates Enter Market,0,1,0,0,161,0,3/27/2018 10:45
New bill Plans Permit Payments Russia,0,1,0,0,1,0,3/27/2018 10:00
tweet inadvertently pumped value 0xproject ,0,0.625,0.375,0.34,3,0,3/27/2018 6:42
Right Way Think Tokens,0,1,0,0,2,0,3/27/2018 4:38
Adds Support ERC20 Tokens,0,0.526,0.474,0.4019,21,0,3/27/2018 2:36
Belarusian Ministry Finance Releases Accounting Framework,0,1,0,0,1,0,3/27/2018 2:00
MONERO RIPPLE Update Technical Analysis Chart 326,0,1,0,0,2,0,3/27/2018 2:00
Need Trustworthy Exchange,0,0.357,0.643,0.5574,27,0,3/27/2018 1:42
market consolodating months Everyone believe expecting bull run Could CONSENSUS summit start bull run AprMay also like conspiracy theory whales,0.142,0.753,0.105,-0.2263,0,0,3/27/2018 1:40
bad month happened look forward future,0.412,0.588,0,-0.5423,14,0,3/27/2018 0:11
anyone used CoinSpot buy anything looking get HAV,0,1,0,0,53,0,3/26/2018 23:14
intention support ERC20 technical standard,0,0.597,0.403,0.4019,51,0,3/26/2018 23:08
LitePay turned scam trust,0.411,0.222,0.367,-0.1027,0,0,3/26/2018 23:05
Tether sentiment level indicator proved right yesterday Huge swing positive territory negative,0.199,0.484,0.317,0.296,5,0,3/26/2018 23:02
Daily Briefing March 26th Forget Support Levels Long Term,0.164,0.603,0.233,0.2023,2,0,3/26/2018 22:34
Skycoin main developers talk power Skyminer scalability platform,0,1,0,0,30,0,3/26/2018 22:23
Steem Coin Review Great Idea Questionable Execution,0.195,0.442,0.363,0.4404,5,0,3/26/2018 22:22
Litepay closed Outright scam mere coincidence,0.425,0.575,0,-0.5719,1,0,3/26/2018 22:17
quit jobs months back built desktop trading platform Binance Bittrex called Tradedash constantly adding new features would love hear think,0,0.819,0.181,0.6369,245,0,3/26/2018 22:02
Russia Secretly Helped Venezuela Launch Evade Sanctions,0,1,0,0,17,0,3/26/2018 21:23
CoinSheet March 2018 Daily Newsletter,0,1,0,0,1,0,3/26/2018 20:29
Arcona Ecosystem joins global VRAR Association,0,1,0,0,13,0,3/26/2018 20:22
Breaking LitePay CEO Ceases Operations Prepares Sell Company,0,1,0,0,10,0,3/26/2018 19:50
building ATH price monitoring tool feedback much appreciated check,0,0.708,0.292,0.5106,15,0,3/26/2018 19:47
Update Coins Plunge Support Bounce Fades,0,0.649,0.351,0.4019,1,0,3/26/2018 19:45
Pecunio Tradeio partner form financial market tomorrow,0,1,0,0,32,0,3/26/2018 19:16
like woman,0,0.286,0.714,0.3612,0,0,3/26/2018 19:13
Exchange Upbit Launch Korea First Index,0,1,0,0,19,0,3/26/2018 18:52
Eliminating FrontRunning Decentralized Exchanges Hacker Noon,0,1,0,0,19,0,3/26/2018 18:49
Trading strategy purchase,0,1,0,0,3,0,3/26/2018 18:48
value struggles amid market slump,0.316,0.38,0.304,-0.0258,0,0,3/26/2018 18:43
Coin Boys Coin Show MONERO,0,1,0,0,1,0,3/26/2018 18:36
Altcoin Fantasy platform allows testtrade prizes 1000,0,0.667,0.333,0.4588,45,0,3/26/2018 18:33
Syscoin business VID,0,1,0,0,30,0,3/26/2018 18:31
List Today Tomorrow Upcoming Events,0,1,0,0,9,0,3/26/2018 18:03
conference schedule 2018 believe complete cryptocon calendar available,0,1,0,0,3,0,3/26/2018 17:38
Personal Lesson,0,1,0,0,19,0,3/26/2018 16:47
believe trading decisions fully rational Check social media influences market portfolio,0,1,0,0,1,0,3/26/2018 16:21
Satoshi Vision Simon Dixon Demands Answers Roger Ver Core Animosity,0.225,0.62,0.155,-0.2263,1,0,3/26/2018 16:10
beginning,0,1,0,0,6,0,3/26/2018 15:33
XYO Network Taking Real World,0,1,0,0,22,0,3/26/2018 15:31
rCryptoMarkets Daily Discussion 26Mar2018,0,1,0,0,6,0,3/26/2018 10:05
Bandwagon Experiment Week Buying top 7day increase 10719 overall 4461 week,0,0.687,0.313,0.4767,1,0,3/26/2018 15:11
Looking risks ICO existing coins,0.344,0.656,0,-0.2732,1,0,3/26/2018 15:10
Exchange Huobi Registers FinCEN Ahead Launch,0,1,0,0,1,0,3/26/2018 15:07
Request Network announces partnership PwC France Francophone Africa,0,1,0,0,169,0,3/26/2018 13:25
Government Minister asks Proportionate Rules,0,1,0,0,2,0,3/26/2018 13:06
Market Lateral Movement LTC XMR Price Stable XRP NEO Struggle,0.184,0.64,0.176,-0.0258,2,0,3/26/2018 11:44
Marching Forward best Pascal article date,0,0.543,0.457,0.6369,13,0,3/26/2018 11:28
wrote basic review OMG Hope like,0,0.426,0.574,0.6597,7,0,3/26/2018 10:05
CLOUD ACT Ringnald Mastery Podcast Ep3,0,1,0,0,0,0,3/26/2018 9:33
Took Notice Great Article Market Insights Interest Space Continues Increase Dramatically Despite Recent Bearish Tendencies,0,0.561,0.439,0.8555,5,0,3/26/2018 9:01
Week New Dawn,0,1,0,0,3,0,3/26/2018 9:00
Day Trading Tips Steady Income,0,1,0,0,0,0,3/26/2018 7:59
Cryptopia users received emails failed login attempts,0.355,0.645,0,-0.5106,24,0,3/26/2018 7:24
seriousness truly dectralized economy need ignore shitcoins,0.349,0.377,0.274,0.0516,0,0,3/26/2018 6:35
owns,0,1,0,0,0,0,3/26/2018 5:16
Mar 2018 Important News,0,0.625,0.375,0.2023,0,0,3/26/2018 4:45
time let coin millionaire dreams Retail ordinary late adopters money exhausted unless govt adopts one cryptos much upside coins subject lot headline risk said make bubbles,0.148,0.71,0.142,-0.0516,0,0,3/26/2018 2:08
Understanding market pairs question,0,1,0,0,1,0,3/26/2018 1:39
Mar 2018 Upcoming Events,0,1,0,0,0,0,3/26/2018 0:32
NEO NEM Update Technical Analysis Chart 325,0,1,0,0,1,0,3/26/2018 0:29
Bear market ICO fever bear ing,0,1,0,0,1,0,3/26/2018 0:16
Upcoming Markets,0,1,0,0,4,0,3/25/2018 23:50
Weekly News Update Bullish Market,0,1,0,0,1,0,3/25/2018 23:46
Passive Income Average Trader,0,0.625,0.375,0.2023,8,0,3/25/2018 23:19
Ancient Romans Investing,0,1,0,0,33,0,3/25/2018 22:44
Atonomi ICO Review IoT Security,0,0.625,0.375,0.34,2,0,3/25/2018 22:38
Building Clean Modern Analytics Site,0,0.597,0.403,0.4019,6,0,3/25/2018 19:52
Golem Software service marketplace developers,0,1,0,0,10,0,3/25/2018 18:47
Currencies start remember created decentralized trust,0,0.43,0.57,0.6486,149,0,3/25/2018 18:43
future stellar worth investing,0,0.612,0.388,0.2263,9,0,3/25/2018 18:39
things look potential investments metrics would add take away mine,0,1,0,0,27,0,3/25/2018 18:27
Waves Lab announces new residents,0,1,0,0,52,0,3/25/2018 18:21
Elite university RWTH plans build IOTA industrial use cases,0,1,0,0,26,0,3/25/2018 18:14
List Today Tomorrow Upcoming Events,0,1,0,0,7,0,3/25/2018 18:06
ICO Daily News Digest Pablo Escobar brothers Benefits Fujitsu Innovation Center,0,0.634,0.366,0.6369,14,0,3/25/2018 17:37
Sunday TIMEs Issue March March 2018 Welcome Issue Sunday TIMEs DMT Token2049 BlockShowcom Article workforce human capital Twitter follower milestone website widgets Price Update,0,0.885,0.115,0.4588,0,0,3/25/2018 16:46
Andreas Antonopolis needs better wallets fiat inout decentralized exchanges ATMs,0,0.756,0.244,0.4404,41,0,3/25/2018 15:21
Genesis Vision GVT decentralized platform investing money management reveals development plans announces Genesis Markets project,0,0.875,0.125,0.25,14,0,3/25/2018 13:40
thoughts setting index fund,0,1,0,0,1,0,3/25/2018 12:45
New Innovation Center Belgium,0,0.536,0.464,0.3818,1,0,3/25/2018 11:57
rCryptoMarkets Daily Discussion 25Mar2018,0,1,0,0,10,0,3/25/2018 10:05
physical illegal,0.783,0.217,0,-0.5574,0,0,3/25/2018 10:00
Looking next bull run 20K likely scenario,0,1,0,0,2,0,3/25/2018 6:16
10000 App Competition,0,1,0,0,10,0,3/25/2018 4:38
Trading Analysis March 2018,0,1,0,0,0,0,3/25/2018 2:41
TRON STELLAR Update Technical Analysis Chart 324,0,1,0,0,0,0,3/25/2018 2:24
best time buy years ago second best time Chinese Proverb,0,0.488,0.512,0.8555,107,0,3/25/2018 2:21
MONERO RIPPLE Update Technical Analysis Chart 324,0,1,0,0,1,0,3/25/2018 2:17
Unbiased review Electroneum ETN thoughts coin,0.18,0.82,0,-0.0258,1,0,3/25/2018 1:35
World 9th Largest Stock Exchange Launch Brokerage Institutional Investors,0,1,0,0,287,0,3/25/2018 0:40
ICO Daily News Digest Santander international transfer Ripple Yahoo Japan Exchange Cash May Dissapear China,0,1,0,0,4,0,3/24/2018 23:42
Banking group Santander partnering Ripple release international money transfer app,0,1,0,0,34,0,3/24/2018 22:05
Smart Contracts Work Decentralized Exchanges,0,0.597,0.403,0.4019,0,0,3/24/2018 22:03
Influential People 2018,0,0.408,0.592,0.4404,6,0,3/24/2018 21:16
Bounty0x Embeddable Widgets,0,1,0,0,8,0,3/24/2018 19:43
Vitalik Serious,0.565,0.435,0,-0.0772,0,0,3/24/2018 19:16
outstanding DApps platform,0,0.333,0.667,0.6124,7,0,3/24/2018 18:53
Opinion Kucoin,0,1,0,0,1,0,3/24/2018 18:53
List Today Tomorrow Upcoming Events,0,1,0,0,8,0,3/24/2018 18:07
XRP Ripple World Financial Infrastructure Using RippleNet,0,1,0,0,3,0,3/24/2018 16:26
rCryptoMarkets Daily Discussion 24Mar2018,0,1,0,0,4,0,3/24/2018 10:05
Great overview Eligma,0,0.328,0.672,0.6249,10,0,3/24/2018 15:07
Yahoo Japan Launch Exchange 2018 Says Report,0,1,0,0,64,0,3/24/2018 14:54
Toronto Stock Exchange Operator Launch Brokerage Platform,0,1,0,0,19,0,3/24/2018 13:48
Interview Billy Krepper Head FortKnoxsters Development Part ,0,1,0,0,16,0,3/24/2018 13:46
Think Last Forever NSA Whistleblower Edward Snowden,0,1,0,0,0,0,3/24/2018 13:08
Centralized Decentralized Exchanges Vulnerability Trading Platforms,0.275,0.725,0,-0.2263,0,0,3/24/2018 12:46
Smart Way Business,0,0.426,0.574,0.4019,3,0,3/24/2018 11:43
Yahoo launch exchange,0,1,0,0,20,0,3/24/2018 10:49
Overall sentiment rebounded local lows last day crashing highs last weeks strange previous observations strong rebound XVG TRX storm example,0.151,0.711,0.138,0.1779,1,0,3/24/2018 10:28
IOTA picked Startup Autobahn Europe largest innovation platform,0,0.729,0.271,0.3818,37,0,3/24/2018 9:19
Deep dive current DEX innovations compares atomic swaps EtherDelta IDEX LeverJ,0,1,0,0,2,0,3/24/2018 8:13
Exciting news TMX launch brokerage,0,0.556,0.444,0.4939,3,0,3/24/2018 6:08
View REQ Network shortterm buy longterm maybe,0,1,0,0,14,0,3/24/2018 5:43
Top Traders Follow Twitter 2018,0,0.69,0.31,0.2023,1,0,3/24/2018 4:12
Huawei Build Smartphone,0,1,0,0,21,0,3/24/2018 4:00
Storm STORM JUMPS 200 UPBIT LISTING,0,1,0,0,2,0,3/24/2018 3:58
Levi Yau successfully presented Sharpayio multishare buttons Hangzhou community,0,0.714,0.286,0.4939,4,0,3/24/2018 3:56
Bank America systematically misled clients stock trades,0,1,0,0,125,0,3/24/2018 3:49
difference mining masternode miss anything post,0.242,0.758,0,-0.1531,1,0,3/24/2018 3:24
Update Technical Analysis Chart 323,0,1,0,0,1,0,3/24/2018 2:32
N3ws Binance Pressure Google Trump Bans Petro,0.268,0.732,0,-0.296,0,0,3/24/2018 2:27
surprising number college students buying student loan money,0,0.638,0.362,0.34,0,0,3/24/2018 1:01
Gets Phishy Phishing Avoid,0.423,0.577,0,-0.296,18,0,3/24/2018 0:47
LIVE Etherparty AMA Tune Latest Updates Next Session,0,1,0,0,1,0,3/24/2018 0:17
Yahoo Launch Tokyobased Exchange 2019,0,1,0,0,2,0,3/24/2018 0:00
OBSERVATIONS General Elections Sierra Leone,0,1,0,0,2,0,3/23/2018 23:28
ICON ICX 401 Never Looked Better,0,0.633,0.367,0.4404,7,0,3/23/2018 22:46
Interview Julie Maupin IOTA Women,0,1,0,0,3,0,3/23/2018 21:13
centralized exchanges one choose,0,1,0,0,1,0,3/23/2018 21:05
Yahoo Japan May Open Exchange 2019,0,1,0,0,1,0,3/23/2018 20:36
Taiwan Edges Toward Liberalizing Asian Countries Tighten Rules,0,1,0,0,12,0,3/23/2018 19:53
Huawei Sirin Lab Said Discussing BlockchainEnabled Smartphone Cryptovest,0,1,0,0,2,0,3/23/2018 19:47
BREAKING Mobile Payment Giant UMT Partners UTRUST UTK offer mobile payments HUGE NEWS,0,0.798,0.202,0.4648,1,0,3/23/2018 19:33
UMT enters partnership UTK Utrust offer mobile payments Announcement UTK coming soon,0,1,0,0,10,0,3/23/2018 19:12
Top ICO listing sites,0,0.625,0.375,0.2023,3,0,3/23/2018 19:12
worth mining,0,0.345,0.655,0.2263,0,0,3/23/2018 19:01
List Today Tomorrow Upcoming Events,0,1,0,0,3,0,3/23/2018 18:03
Oneledger ICO Review Scalable CrossLedger,0,1,0,0,1,0,3/23/2018 17:34
Binance world top exchange moving Malta Group remove FUD,0.244,0.602,0.155,-0.2577,18,0,3/23/2018 17:31
Important Market Indicators Price Volume,0,0.69,0.31,0.2023,19,0,3/23/2018 17:29
ICO Daily News Digest Snapchat Ads Ban Binance faces warning Japan Swiss Foundation million nonvolatile,0.316,0.684,0,-0.7184,0,0,3/23/2018 17:29
ecosystem Arcona team practices socially responsible approach reality,0,0.753,0.247,0.3182,17,0,3/23/2018 16:49
Best Worst Performing Winter 2018,0.363,0.265,0.372,0.0258,1,0,3/23/2018 16:44
Tokenization Real Estate Brings Liquidity Market,0,1,0,0,4,0,3/23/2018 16:33
Revolutionary Approach Securing Media Exchange,0,0.635,0.365,0.3182,22,0,3/23/2018 14:55
Coinmarketcap function,0,1,0,0,1,0,3/23/2018 13:41
Coin Crunch interview MARKET Protocol,0,1,0,0,1,0,3/23/2018 13:24
mixer selection,0,1,0,0,0,0,3/23/2018 12:56
rCryptoMarkets Daily Discussion 23Mar2018,0,1,0,0,4,0,3/23/2018 10:05
March 2018 Bounty0x Weekly Update,0,1,0,0,2,0,3/23/2018 12:27
Bears Drag Price 8350 Holds Monero NEO Trouble,0.434,0.566,0,-0.5574,4,0,3/23/2018 11:53
SelfKey Founder Edmund Lowell AMA Thursday March 29th 2018 1000 UTC 1200 UTC,0,1,0,0,11,0,3/23/2018 11:47
market today playing volleyball price 8300 8600,0,0.769,0.231,0.2023,1,0,3/23/2018 11:46
Swiss Foundation Gets 30mln Start NonVolatile,0,1,0,0,2,0,3/23/2018 11:44
Monthly Web Traffic Major Exchanges Falls Half,0,1,0,0,0,0,3/23/2018 11:05
Empowering DEXs better ,0,0.408,0.592,0.4404,1,0,3/23/2018 10:10
Facebook Data Security Meltdown Could Bolster Analyst,0,0.714,0.286,0.34,1,0,3/23/2018 8:39
Wanchain opens Binance,0,1,0,0,0,0,3/23/2018 7:48
WAN,0,1,0,0,0,0,3/23/2018 7:37
Introduction POA network seen UTK holding value rising goes think news coming,0,0.821,0.179,0.34,0,0,3/23/2018 7:29
CryptoKitties Undervalued,0,1,0,0,1,0,3/23/2018 6:56
Care Alts Dominance Pattern Breakout Affects Market Diversification Made Video,0,0.615,0.385,0.6124,2,0,3/23/2018 6:30
Waves WAVES DEX Decentralized Exchange Future World News,0,1,0,0,1,0,3/23/2018 6:27
Looks Legit Check,0,1,0,0,2,0,3/23/2018 6:25
strategy behind listing major coins,0,1,0,0,7,0,3/23/2018 6:15
Backed Habanero Peppers Thing Mexico,0,0.784,0.216,0.0258,10,0,3/23/2018 5:56
Lightning Network Politics Mayor,0,1,0,0,1,0,3/23/2018 5:47
Straight Forward Guide ICON ICX,0,0.678,0.322,0.2263,2,0,3/23/2018 5:16
space nutshell,0,1,0,0,654,0,3/23/2018 4:55
Top Trading Strategies Beginners,0,0.625,0.375,0.2023,3,0,3/23/2018 4:54
commercial popped sattelite radio Bitcoiin Claims gen 100x faster yet runs Seems pretty scammy,0,0.802,0.198,0.4939,45,0,3/23/2018 3:51
Savage Gives Jewelry Gives 21K Kids Bank Accounts,0.3,0.7,0,-0.4588,0,0,3/23/2018 3:23
government launching task force new steps towards regulation,0,1,0,0,3,0,3/23/2018 3:12
Hertz passed first trough Price feed appreciation incoming Updates Charts Steemit,0,0.752,0.248,0.5106,2,0,3/22/2018 16:45
Bug Allowed Unlimited Ether Balances,0,1,0,0,4,0,3/22/2018 16:47
Black Block Research indepth review REQ,0.367,0.633,0,-0.4404,7,0,3/23/2018 2:04
IOTA Update Technical Analysis Chart 322,0,1,0,0,5,0,3/23/2018 2:49
DBrain Tokens Giveaway celebrate Milestone 10K Telegram Members Bountyhive channel,0,0.709,0.291,0.5719,3,0,3/23/2018 2:42
Update Technical Analysis Chart 322,0,1,0,0,2,0,3/23/2018 2:32
Overstockcom CEO Wants Undermine Wall Street Tech Behind,0.239,0.761,0,-0.296,7,0,3/23/2018 1:51
Best choices coins listed Kucoin,0,0.488,0.512,0.6369,1,0,3/23/2018 1:51
deepweb tumblers,0,1,0,0,1,0,3/23/2018 1:35
Keep updated LEDU events meet ups team sponsors events San Francisco London April,0,1,0,0,9,0,3/23/2018 1:21
really call currencies,0,1,0,0,2,0,3/23/2018 1:06
ICO Vice Industry Token VIT,0,1,0,0,2,0,3/23/2018 0:43
Win 350 ZOI,0,0.345,0.655,0.5859,0,0,3/23/2018 0:27
Feeling relieved,0,0,1,0.4767,1,0,3/23/2018 0:13
Easily Track Favourite Tokens CryptoSheets,0,0.625,0.375,0.34,1,0,3/22/2018 23:39
tokenized security market growing Really interested learning DBOT shake things know stay trillions dollars assets waiting get space,0.072,0.553,0.374,0.7264,1,0,3/22/2018 23:36
Reasons Sell Market,0,1,0,0,5,0,3/22/2018 23:23
France create legal framework offerings,0,0.455,0.545,0.3818,3,0,3/22/2018 23:19
Vechain introducing Distributed Data Vending Compliant Way Share Sensitive Data,0,0.804,0.196,0.296,1,0,3/22/2018 23:08
Recap Series Bear Market Highlighted Great Development,0,0.594,0.406,0.6249,17,0,3/22/2018 22:45
Updates world 22nd March 2018 cover binance FUD,0.288,0.712,0,-0.4278,1,0,3/22/2018 22:17
Skycoin huge potential one,0,0.566,0.434,0.3182,0,0,3/22/2018 21:58
Lawyers Served BitConnect New Target Giga Watt ICO,0,1,0,0,2,0,3/22/2018 21:58
Huawei Reportedly Talks Sirin Labs License Finance Magnates,0,1,0,0,9,0,3/22/2018 21:41
Anyone link cyrpto logos thumbnails different sizes someone posted back,0,1,0,0,1,0,3/22/2018 21:21
ICON ICX officially listed Bithumb yet,0,1,0,0,2,0,3/22/2018 20:50
Lithuanian Startup Kicks New Coin Model Mulls IPO,0,1,0,0,1,0,3/22/2018 20:45
FinLab Blockone Announce 100 million Joint Venture Accelerate Development EOSIO Projects Europe,0,1,0,0,0,0,3/22/2018 20:44
Capital Secures 150 Million USD Funding Invest Projects,0,0.753,0.247,0.3182,1,0,3/22/2018 20:35
Exchange Binance Faces Regulatory Pressure Japan Report,0.268,0.732,0,-0.296,0,0,3/22/2018 20:31
Sentigraph joins Crowdholding,0,1,0,0,1,0,3/22/2018 20:22
many people underwater right,0,1,0,0,21,0,3/22/2018 20:12
Binance Founder Denies Problems Exchange,0.647,0.353,0,-0.6705,2,0,3/22/2018 20:04
Test accepted payment container shipments,0,0.656,0.344,0.2732,141,0,3/22/2018 20:01
token rewards people contribute open source solutions world biggest problems,0.186,0.483,0.331,0.2732,69,0,3/22/2018 19:59
Canadian Exchange Coinsquare CEO building trust transparency still word XRP,0,0.732,0.268,0.5106,1,0,3/22/2018 19:59
Artificial intelligence possibilities Arcona ecosystem development,0,0.617,0.383,0.4767,12,0,3/22/2018 19:44
Eligma icodropscom,0,1,0,0,13,0,3/22/2018 19:08
Pecunio NASDAQ explaining gold backed tokens significantly impact financial market,0,0.891,0.109,0.0258,61,0,3/22/2018 19:07
ICO Daily News Digest Top 100 Influential People Microsoft Google Huawei Starbucks Turn,0,0.701,0.299,0.5719,1,0,3/22/2018 19:03
Wallet Address Difference,0,1,0,0,7,0,3/22/2018 19:03
Atonomi CoFounder David Fragale shares thoughts Decentralization Teenage Rockers Solving World Hunger,0.128,0.577,0.295,0.3818,22,0,3/22/2018 18:48
fascinating facts,0,0.222,0.778,0.5423,16,0,3/22/2018 18:21
Caerus Connections joins Crowdholding,0,1,0,0,5,0,3/22/2018 18:14
Billionaire Alan Howard Invest Market 2018 BIG investors looking bullish,0,1,0,0,78,0,3/22/2018 18:06
List Today Tomorrow Upcoming Events,0,1,0,0,3,0,3/22/2018 18:04
Amon Intelligent system everyday spending,0,0.571,0.429,0.4588,2,0,3/22/2018 18:03
Elementh Standardizing ecommerce model,0,1,0,0,1,0,3/22/2018 18:02
Price Analysis wait see approach,0,1,0,0,1,0,3/22/2018 18:01
Nikkei Rumored News Binance Fake Changpeng Zhao Declared,0.307,0.693,0,-0.4767,1,0,3/22/2018 17:52
Million Cryptokitties Ringnald Mastery Podcast Ep2,0,1,0,0,0,0,3/22/2018 17:50
beginners guide Siacoin expect,0,1,0,0,0,0,3/22/2018 17:27
since sentiment level positive Extreme green NANO NEM OmiseGo ICX among,0,0.735,0.265,0.5574,2,0,4/12/2018 0:41
time transform way pay online,0.259,0.741,0.0,-0.1027,1,0,04/12/2018 17:21:58
Coins Watch Market Turns Green,0.0,1.0,0.0,0.0,1,0,04/12/2018 17:12:27
ALAX Able Reach Tens Millions unbanked Consumers,0.0,0.845,0.155,0.0258,24,0,04/12/2018 16:48:50
Price Rises 1000 HalfHour Reaching 8000,0.0,0.735,0.265,0.2023,2,0,04/12/2018 16:45:21
Time start RUNNING,0.0,1.0,0.0,0.0,4,0,04/12/2018 16:35:05
Moving Forefront Technology,0.0,1.0,0.0,0.0,1,0,04/12/2018 16:34:42
ICO Fraud 600 Million Losses Reported,0.619,0.381,0.0,-0.7579,1,0,04/12/2018 16:31:34
Countries Moving towards ICO Legislation First Step Legitimizing,0.0,1.0,0.0,0.0,4,0,04/12/2018 16:25:38
Goes Parabolic Drivers,0.0,1.0,0.0,0.0,0,0,04/12/2018 16:25:37
Manipulation exchanges,0.688,0.313,0.0,-0.296,0,0,04/12/2018 16:20:47
Stellar Lumens Banking System Future Descriptive Article,0.0,1.0,0.0,0.0,1,0,04/12/2018 16:13:18
Cardano block explorer shows hardly use network effect worth 4000000000,0.227,0.625,0.148,-0.25,2,0,04/12/2018 16:02:46
Boom goes,0.0,1.0,0.0,0.0,7,0,04/12/2018 15:53:39
CargoX blockchainlogistics platform goes live audiences across Europe,0.0,1.0,0.0,0.0,2,0,04/12/2018 14:43:44
facing strong resistance 7500 though trying positive 450 lacking support overall markets,0.0,0.484,0.516,0.8625,2,0,04/12/2018 14:42:38
Much Needed Tax Support Slowly Coming India,0.0,0.69,0.31,0.4019,5,0,04/12/2018 14:42:27
Industries Could Adopt Next Years,0.0,0.702,0.298,0.1779,2,0,04/12/2018 14:25:51
Japan Goes,0.0,1.0,0.0,0.0,22,0,04/12/2018 14:25:36
Bithumb lists MITH goes 10000 crashes much within hour suspect may attract unwelcome attention Korean regulators,0.24,0.637,0.123,-0.34,5,0,04/12/2018 14:16:11
Japan reveals market statistics highlights million active traders,0.0,0.722,0.278,0.4019,21,0,04/12/2018 13:30:35
Eventum EVT Token Decentralized RealWorld Data Feeds,0.0,1.0,0.0,0.0,1,0,04/11/2018 17:40:58
Summary 2018 Lendit Fintech integration begun,0.0,1.0,0.0,0.0,3,0,04/12/2018 09:21:34
Colossus Coin AMA Privacy Coin,0.0,1.0,0.0,0.0,1,0,04/12/2018 06:20:13
EOS Analyzing Latest Pump Value,0.0,0.625,0.375,0.34,14,0,04/12/2018 05:47:41
Morgan Chase sued baitandswitch fees,0.0,1.0,0.0,0.0,12,0,04/12/2018 05:43:26
Cryptonaut Portfolio Tracker first webversion online,0.0,1.0,0.0,0.0,0,0,04/12/2018 05:24:35
Binance BNB LEAST Affected Correction,0.0,0.735,0.265,0.1139,0,0,04/12/2018 03:46:25
Institutional Money Coming Think ,0.0,1.0,0.0,0.0,0,0,04/12/2018 02:08:00
Drives Price,0.0,1.0,0.0,0.0,1,0,04/13/2018 05:37:14
Ripple Price Surges Nears 500 CryptoRally Spreads,0.0,1.0,0.0,0.0,1,0,04/13/2018 05:21:22
today run attributed Bittrex opening registration minutes halal,0.0,1.0,0.0,0.0,4,0,04/13/2018 05:05:54
Reasons Boosted Price 8000,0.0,0.545,0.455,0.3612,1,0,04/13/2018 04:50:27
Alleged Vietnamese 660 million fraud reveals dangers remain real,0.5,0.5,0.0,-0.7906,2,0,04/13/2018 04:45:20
banks three main products Ripple XCurrent XRapid XVia,0.0,1.0,0.0,0.0,1,0,04/13/2018 03:45:51
Last chance grab SHL upcoming airdrop PRL hodlers Oyster ticker live website 6160 blocks ,0.119,0.755,0.126,0.0258,3,0,04/13/2018 03:29:06
Price Surges 1000 Minutes,0.0,1.0,0.0,0.0,3,0,04/13/2018 02:57:09
cash fiat Canada,0.0,1.0,0.0,0.0,1,0,04/13/2018 02:57:07
Bunny Token ICO Investors Cautious PeculiarMonkeys,0.219,0.781,0.0,-0.1027,1,0,04/13/2018 02:50:20
Price Spiked Today,0.0,1.0,0.0,0.0,0,0,04/13/2018 02:48:55
Metal Pay Alpha HandsOn Review,0.259,0.741,0.0,-0.1027,2,0,04/13/2018 01:49:48
explodes Price gains 1000 hour watch next,0.0,0.714,0.286,0.34,5,0,04/13/2018 00:58:35
438 Stolen Indian Exchange Coinsecure,0.444,0.556,0.0,-0.4939,3,0,04/13/2018 00:47:29
Exclusive Interview Bill Barhydt Abra CEO CoFounder,0.0,0.8,0.2,0.128,1,0,04/13/2018 00:31:08
thoughts,0.0,1.0,0.0,0.0,1,0,04/13/2018 00:28:12
Anyone Flipping ICOs Case Study,0.0,1.0,0.0,0.0,1,0,04/13/2018 00:00:44
3Mn worth stolen major Indian exchange,0.352,0.44,0.209,-0.3182,1,0,04/12/2018 23:22:14
Daily Digest alone fix Facebook problem Goodbye Hodl Life Vietnam Investigates ICO Fraud 660mln Losses,0.505,0.495,0.0,-0.8807,0,0,04/12/2018 23:20:12
Brazil First CryptoFinance Master Degree Launches Paolo,0.0,1.0,0.0,0.0,1,0,04/12/2018 23:12:09
day Follow post extreme bullish sentiment level yesterday returns massive today Top performers BTM Vechain NeosCoin mith among,0.0,0.904,0.096,0.2023,1,0,04/12/2018 23:11:10
438 Stolen Indian Exchange Coinsecure,0.444,0.556,0.0,-0.4939,1,0,04/12/2018 23:00:44
Sharpay Odnoklassniki,0.0,1.0,0.0,0.0,1,0,04/12/2018 22:37:18
First Retail Payments App Santander Bank,0.0,1.0,0.0,0.0,1,0,04/12/2018 22:30:18
Bittrex Inundated New Users Reopening Registration,0.0,1.0,0.0,0.0,8,0,04/12/2018 22:30:01
Taking Ether Public Interview Ether Capital CEO Michael Conn,0.0,1.0,0.0,0.0,15,0,04/12/2018 22:22:35
Lavenir wealth management lending platform launched ICO,0.0,0.515,0.485,0.5719,2,0,04/12/2018 22:05:57
Manipulation Regulation Nah Liquidation Short Squeezes Affect,0.419,0.581,0.0,-0.3818,17,0,04/12/2018 21:55:09
Technology Giants Join Hands,0.0,0.577,0.423,0.296,1,0,04/12/2018 21:40:17
Unibright joins Crowdholding,0.0,1.0,0.0,0.0,2,0,04/12/2018 21:38:20
Meet Repo coin,0.0,1.0,0.0,0.0,1,0,04/12/2018 21:25:37
Five Reasons Boosted 8000,0.0,0.545,0.455,0.3612,2,0,04/12/2018 21:18:51
Evaluating Cryptos,0.0,1.0,0.0,0.0,1,0,04/12/2018 21:13:41
Best twitter page far,0.0,0.417,0.583,0.6369,0,0,04/12/2018 20:54:44
SuperHot Unprecedented Surge Drives Prices,0.0,1.0,0.0,0.0,1,0,04/12/2018 20:45:00
technology stop misuse personal genomic data,0.306,0.694,0.0,-0.296,3,0,04/12/2018 20:43:53
investment technology hits record rate,0.0,1.0,0.0,0.0,1,0,04/12/2018 20:38:52
Massive Upswing Cause,0.0,1.0,0.0,0.0,16,0,04/12/2018 20:35:22
SPOTCOIN INVESTOR REFERRALS RECEIVE ,0.0,1.0,0.0,0.0,0,0,04/12/2018 20:21:18
Looking Good Billy Ray New Lambo Report,0.0,0.674,0.326,0.4404,1,0,04/12/2018 20:06:39
Read eUSD audit report Sigma Prime,0.0,1.0,0.0,0.0,59,0,04/12/2018 20:02:04
MobileBridge CEO Kees Vos speak Expo Global 2018 Momentum Revolutionise Loyalty Marketing,0.0,0.759,0.241,0.5423,3,0,04/12/2018 20:01:38
JPMorgan sued fees purchases,0.0,1.0,0.0,0.0,2,0,04/12/2018 19:53:26
41218 Chart Analysis BotMentality,0.0,1.0,0.0,0.0,1,0,04/12/2018 19:47:42
Gamers Investors Bet Big Gaming Industry,0.0,1.0,0.0,0.0,1,0,04/12/2018 19:40:39
Anyone Ccex hold Bitcoinhashcore BTCHC perhaps wallet,0.0,1.0,0.0,0.0,1,0,04/12/2018 19:33:46
Legendary footballer Luis Figo supports token looking disrupt multi billion dollar fantasy football industry decentralized platform connecting brandsclubs fans First celebrity endorsement actually makes sense,0.0,0.827,0.173,0.5859,1,0,04/12/2018 19:06:05
NEP5 Tokens Look NEO NEP5 ICO Successful Far,0.0,0.648,0.352,0.5859,2,0,04/12/2018 19:02:47
rises 1000 half hour may caused,0.0,1.0,0.0,0.0,1,0,04/12/2018 18:45:51
LoMoStar app soon allow ICO investments inside app blockchains People referring ICO projects platform earn cut,0.117,0.778,0.106,-0.0516,2,0,04/13/2018 19:42:12
CoWorking Space House Launches Liechtenstein,0.0,1.0,0.0,0.0,1,0,04/13/2018 19:42:10
Copycats Threat Reputation,0.63,0.37,0.0,-0.5267,1,0,04/13/2018 19:19:11
supporting decentralized exchanges trading layer centralization puts funds risk means even popular exchanges created alternative centralized banking,0.092,0.57,0.338,0.6808,5,0,04/13/2018 19:09:20
Update Waves Platform Development,0.0,1.0,0.0,0.0,10,0,04/13/2018 19:01:25
INS Ecosystem Announces New Airdrop Rules AprilJune 2018 New Token Buyers Also Get Airdrop,0.0,1.0,0.0,0.0,9,0,04/13/2018 19:01:15
Viacoin started trading Singapore ooobtc exchange,0.0,1.0,0.0,0.0,0,0,04/13/2018 18:50:44
Peculium Joins Crowdholding,0.0,1.0,0.0,0.0,1,0,04/13/2018 18:36:33
market run,0.0,1.0,0.0,0.0,1,0,04/13/2018 18:26:07
Certainty Credibility Boost Recovery Market ,0.0,0.39,0.61,0.5719,2,0,04/13/2018 18:19:01
SONM speakers revealed Alexei Antonov speaking SONM Coindesk Consensus,0.0,1.0,0.0,0.0,2,0,04/14/2018 18:40:02
41418 Chart Analysis BotMentality,0.0,1.0,0.0,0.0,2,0,04/14/2018 18:33:42
